,x_dwell_2free1um,y_dwell_2free1um,x_detach_2free1um,y_detach_2free1um,x_detach_2free100um,y_detach_2free100um,x_dwell_4free1um,y_dwell_4free1um,x_detach_4free1um,y_detach_4free1um,x_detach_4free100um,y_detach_4free100um
0,0.0,0.0,-0.005000000000000001,0.0025480072739428117,-0.005000000000000001,0.015393862804891885,0.0,0.0,-0.005000000000000001,0.024405735678140646,-0.005000000000000001,0.0211655962979673
1,0.026086956521739132,0.5894515317144082,0.006103678929765885,0.0032743197132046077,0.006103678929765885,0.01969488476906115,0.026086956521739132,0.585867482420452,0.006103678929765885,0.03120665667836537,0.006103678929765885,0.027068874900675173
2,0.052173913043478265,0.6696786000970048,0.01720735785953177,0.004179123539437538,0.01720735785953177,0.025015828626958805,0.052173913043478265,0.657228801679258,0.01720735785953177,0.03961254101759886,0.01720735785953177,0.03436755374340978
3,0.0782608695652174,0.7415947956176722,0.028311036789297656,0.0052980593462053,0.028311036789297656,0.0315455616597577,0.0782608695652174,0.7215566638327761,0.028311036789297656,0.04991740822484246,0.028311036789297656,0.04331819665119602
4,0.10434782608695653,0.8019908832460986,0.03941471571906355,0.006671780204029876,0.03941471571906355,0.03949394283223353,0.10434782608695653,0.77652869762644,0.03941471571906355,0.062446679566955675,0.03941471571906355,0.05420514722999819
5,0.13043478260869568,0.8487336964373688,0.05051839464882943,0.008346183763009102,0.05051839464882943,0.04909069774372058,0.13043478260869568,0.8206151138436825,0.05051839464882943,0.0775548957099976,0.05051839464882943,0.06733869422241134
6,0.1565217391304348,0.8809185676143624,0.06162207357859531,0.01037255542781734,0.06162207357859531,0.06058327970092278,0.1565217391304348,0.8531652661176734,0.06162207357859531,0.09562173922887246,0.06162207357859531,0.08305179196511538
7,0.1826086956521739,0.8988248962485915,0.0727257525083612,0.012807605617410027,0.0727257525083612,0.0742335837555573,0.1826086956521739,0.8743662410531668,0.0727257525083612,0.1170461484746721,0.0727257525083612,0.10169515134595072
8,0.20869565217391306,0.9037085662811143,0.08382943143812709,0.015713386982445326,0.08382943143812709,0.09031341377585249,0.20869565217391306,0.8850950138063055,0.08382943143812709,0.14223836636410886,0.08382943143812709,0.12363056481908337
9,0.2347826086956522,0.897495246920326,0.09493311036789297,0.01915708164786237,0.09493311036789297,0.10909864958357784,0.2347826086956522,0.8867044920132374,0.09493311036789297,0.17160984783816813,0.09493311036789297,0.14922239685371774
10,0.26086956521739135,0.8824480755540025,0.10603678929765886,0.02321065397842418,0.10603678929765886,0.13086212147679002,0.26086956521739135,0.880790954790191,0.10603678929765886,0.20556105241741837,0.10603678929765886,0.17882725811306543
11,0.28695652173913044,0.8608727130433381,0.11714046822742474,0.027950370807991558,0.11714046822742474,0.15586527149105717,0.28695652173913044,0.8689856196324179,0.11714046822742474,0.2444672708656418,0.11714046822742474,0.21278198546284047
12,0.3130434782608696,0.8348991696021067,0.12824414715719062,0.03345619817862237,0.12824414715719062,0.18434876166952835,0.3130434782608696,0.8527994021079361,0.12824414715719062,0.28866277270927954,0.12824414715719062,0.2513901665374865
13,0.33913043478260874,0.8063525845793871,0.1393478260869565,0.0398110909381982,0.1393478260869565,0.21652227527592177,0.33913043478260874,0.8335324255265927,0.1393478260869565,0.3384237073105666,0.1393478260869565,0.2949075711446939
14,0.3652173913043478,0.7767026982508453,0.15045150501672241,0.047100198491561614,0.15045150501672241,0.25255384199819214,0.3652173913043478,0.8122436755983968,0.15045150501672241,0.3939503364166688,0.15045150501672241,0.34352697467487286
15,0.391304347826087,0.7470689524725503,0.1615551839464883,0.05541001598808713,0.1615551839464883,0.2925590965607064,0.391304347826087,0.7897651252044052,0.1615551839464883,0.4553493100730397,0.1615551839464883,0.3973629719827965
16,0.4173913043478261,0.7182556877570117,0.17265886287625418,0.06482751465918316,0.17265886287625418,0.33659094509312726,0.4173913043478261,0.7667401925961913,0.17265886287625418,0.5226168090144572,0.17265886287625418,0.4564374742270642
17,0.44347826086956527,0.6907971548280527,0.18376254180602006,0.0754392873547119,0.18376254180602006,0.3846301584086749,0.44347826086956527,0.7436679172629187,0.18376254180602006,0.595623453548548,0.18376254180602006,0.5206666461408557
18,0.4695652173913044,0.665000839317014,0.19486622073578594,0.08733074515064357,0.19486622073578594,0.4365774299423353,0.4695652173913044,0.7209397061711299,0.19486622073578594,0.6741019108416381,0.19486622073578594,0.5898500682158474
19,0.4956521739130435,0.640985905194374,0.20596989966555185,0.1005853979683519,0.20596989966555185,0.49224742364449303,0.4956521739130435,0.6988624336872543,0.20596989966555185,0.7576381106994634,0.20596989966555185,0.6636628900703619
20,0.5217391304347827,0.6187188029150111,0.21707357859531773,0.11528424643012568,0.21707357859531773,0.5513652906060793,0.5217391304347827,0.677667941877809,0.21707357859531773,0.8456668987255768,0.21707357859531773,0.7416516731930651
21,0.5478260869565218,0.5980495204885773,0.2281772575250836,0.13150530388245027,0.2281772575250836,0.6135660519360558,0.5478260869565218,0.6575132536991325,0.2281772575250836,0.9374728133936007,0.2281772575250836,0.8232345020007982
22,0.5739130434782609,0.5787504080442385,0.2392809364548495,0.14932325708807861,0.2392809364548495,0.678397131431775,0.5739130434782609,0.6384776194300796,0.2392809364548495,1.032196472933272,0.2392809364548495,0.907705774300046
23,0.6000000000000001,0.5605566465816187,0.25038461538461537,0.16880926216468134,0.25038461538461537,0.7453241796942464,0.6000000000000001,0.6205621014411645,0.25038461538461537,1.1288468067456057,0.25038461538461537,0.9942458724824094
24,0.6260869565217392,0.5432049402956199,0.26148829431438125,0.19003085973079767,0.26148829431438125,0.8137401690320042,0.6260869565217392,0.6036954309864063,0.26148829431438125,1.226319076836546,0.26148829431438125,1.0819356757738088
25,0.6521739130434783,0.5264659687666524,0.27259197324414713,0.21305198079245596,0.27259197324414713,0.8829775655228752,0.6521739130434783,0.587747196721341,0.27259197324414713,1.3234183241713404,0.27259197324414713,1.1697756156950714
26,0.6782608695652175,0.5101667830992997,0.283695652173913,0.23793300355526625,0.283695652173913,0.9523232123187164,0.6782608695652175,0.5725468926974371,0.283695652173913,1.4188875627102364,0.283695652173913,1.2567087182090595
27,0.7043478260869566,0.49420120891593344,0.29479933110367895,0.264730811892732,0.29479933110367895,1.0210353987695455,0.7043478260869566,0.5579056408893708,0.29479933110367895,1.5114397516864682,0.29479933110367895,1.3416468347569965
28,0.7304347826086957,0.4785286246869226,0.30590301003344483,0.2934987993166401,0.30590301003344483,1.0883624550156186,0.7304347826086957,0.543636888670032,0.30590301003344483,1.5997923259014795,0.30590301003344483,1.4234990582998324
29,0.7565217391304349,0.4631634516352854,0.3170066889632107,0.32428675846614985,0.3170066889632107,1.1535621118242483,0.7565217391304349,0.5295730628028076,0.3170066889632107,1.6827028740472745,0.3170066889632107,1.5012011656571793
30,0.782608695652174,0.44815885105535114,0.3281103678929766,0.35714059563675693,0.3281103678929766,1.2159208087957687,0.782608695652174,0.5155766635478976,0.3281103678929766,1.759004442278739,0.3281103678929766,1.5737448367761173
31,0.8086956521739131,0.4335883667431039,0.3392140468227425,0.3921018127875054,0.3392140468227425,1.2747721256737032,0.8086956521739131,0.5015459846362877,0.3392140468227425,1.8276389152102066,0.3392140468227425,1.6402053835264108
32,0.8347826086956522,0.4195287415501519,0.35031772575250836,0.42920670570879293,0.35031772575250836,1.3295135527520445,0.8347826086956522,0.487416903953664,0.35031772575250836,1.887686993626738,0.35031772575250836,1.6997667783306898
33,0.8608695652173913,0.40604617548335653,0.36142140468227424,0.4684852364054933,0.36142140468227424,1.3796209047981896,0.8608695652173913,0.47316258323213867,0.36142140468227424,1.9383934449815958,0.36142140468227424,1.751742903753882
34,0.8869565217391305,0.3931871796336431,0.3725250836120401,0.5099595499970363,0.3725250836120401,1.4246598123232495,0.8869565217391305,0.4587924026988203,0.3725250836120401,1.9791865398033257,0.3725250836120401,1.7955941397848008
35,0.9130434782608696,0.3809741527147881,0.383628762541806,0.5536421212959943,0.383628762541806,1.4642938850730471,0.9130434782608696,0.4443503860796541,0.383628762541806,2.009690888845787,0.383628762541806,1.8309386526033191
36,0.9391304347826088,0.3694050224951726,0.3947324414715719,0.5995335334551262,0.3947324414715719,1.4982893235751114,0.9391304347826088,0.4299123188513465,0.3947324414715719,2.0297332416115403,0.3947324414715719,1.857558029884449
37,0.9652173913043479,0.3584558374437584,0.40583612040133776,0.6476199104342075,0.40583612040133776,1.5265159424555084,0.9652173913043479,0.41558027639787204,0.40583612040133776,2.039341172965082,0.40583612040133776,1.8753972034659045
38,0.991304347826087,0.34808508152401585,0.4169397993311037,0.6978700462613046,0.4169397993311037,1.5489447508983363,0.991304347826087,0.4014736371844692,0.4169397993311037,2.038734945927861,0.4169397993311037,1.8845588901007213
39,1.0173913043478262,0.3382386666118421,0.4280434782608696,0.7502322967655521,0.4280434782608696,1.565642398941607,1.0173913043478262,0.3877167467707258,0.4280434782608696,2.0283131713288234,0.4280434782608696,1.8852930456671553
40,1.0434782608695654,0.32885492047519377,0.43914715719063546,0.8046313230503414,0.43914715719063546,1.5767629331999595,1.0434782608695654,0.3744247687444592,0.43914715719063546,2.0086331676008866,0.43914715719063546,1.8779820508983835
41,1.0695652173913044,0.3198692851296076,0.45025083612040134,0.8609647995676645,0.45025083612040134,1.5825374047993086,1.0695652173913044,0.3616903123183294,0.45025083612040134,1.9803871400787985,0.45025083612040134,1.863122514672133
42,1.0956521739130436,0.31121872815407065,0.4613545150501672,0.9191002219908014,0.4613545150501672,1.583261931796087,1.0956521739130436,0.3495736788349939,0.4613545150501672,1.9443754378595957,0.4613545150501672,1.8413046862675133
43,1.1217391304347828,0.30284595705347095,0.4724581939799331,0.9788719695280417,0.4724581939799331,1.579284837520086,1.1217391304347828,0.3380988515227942,0.4724581939799331,1.901478203214138,0.4724581939799331,1.813190508102133
44,1.1478260869565218,0.29470340392734234,0.483561872909699,1.0400787909174714,0.483561872909699,1.5709934676825021,1.1478260869565218,0.3272558797558033,0.483561872909699,1.852626705648488,0.483561872909699,1.7794913177808267
45,1.173913043478261,0.2867566883110459,0.49466555183946487,1.1024818909542082,0.49466555183946487,1.558801237947366,1.173913043478261,0.3170085917844576,0.49466555183946487,1.798775557756407,0.49466555183946487,1.740946129821646
46,1.2000000000000002,0.27898700313325714,0.5057692307692307,1.1658037929299148,0.5057692307692307,1.5431353871283333,1.2000000000000002,0.30730521101635805,0.5057692307692307,1.7408768554336609,0.5057692307692307,1.6983013037351415
47,1.2260869565217392,0.27139175038516444,0.5168729096989967,1.2297281400364233,0.5168729096989967,1.5244258174918601,1.2260869565217392,0.2980889115493801,0.5168729096989967,1.6798570865733244,0.5168729096989967,1.6522922491113219
48,1.2521739130434784,0.2639828895948328,0.5279765886287625,1.2939005744615497,0.5279765886287625,1.5030953013101465,1.2521739130434784,0.28930577897793514,0.5279765886287625,1.6165974274342085,0.5279765886287625,1.6036276439120696
49,1.2782608695652176,0.25678287791990495,0.5390802675585284,1.3579307963738385,0.5390802675585284,1.4795512297685063,1.2782608695652176,0.2809088379232029,0.5390802675585284,1.5519178119476238,0.5390802675585284,1.552976462895489
50,1.3043478260869565,0.2498186877537268,0.5501839464882943,1.4213958571960077,0.5501839464882943,1.4541789833981147,1.3043478260869565,0.27285830029045616,0.5501839464882943,1.4865649324052548,0.5501839464882943,1.500957941245489
51,1.3304347826086957,0.24311499836319586,0.5612876254180602,1.4838446847106814,0.5612876254180602,1.4273369176209496,1.3304347826086957,0.26511943108736025,0.5612876254180602,1.4212041238329034,0.5612876254180602,1.4481344440490733
52,1.356521739130435,0.23668804220228387,0.572391304347826,1.5448037750556758,0.572391304347826,1.399352886249786,1.356521739130435,0.2576599999278635,0.572391304347826,1.3564149091761268,0.572391304347826,1.395007082511083
53,1.382608695652174,0.23054156126006134,0.583494983277592,1.6037839229897413,0.583494983277592,1.3705221716345934,1.382608695652174,0.2504490365165449,0.583494983277592,1.2926898447954074,0.583494983277592,1.3420138170427858
54,1.4086956521739131,0.22466584387943442,0.5945986622073579,1.6602878020171792,0.5945986622073579,1.3411066527873778,1.4086956521739131,0.2434577001622158,0.5945986622073579,1.2304362086075777,0.5945986622073579,1.2895297171119817
55,1.4347826086956523,0.2190399896825599,0.6057023411371237,1.7138181552505194,0.6057023411371237,1.311335021201213,1.4347826086956523,0.23666190577667198,0.6057023411371237,1.1699800160988634,0.6057023411371237,1.2378690070496896
56,1.4608695652173913,0.21363665028344073,0.6168060200668897,1.7638863210039661,0.6168060200668897,1.2814038462707595,1.4608695652173913,0.23004539861204226,0.6168060200668897,1.111571829205419,0.6168060200668897,1.1872885129982869
57,1.4869565217391305,0.20842781895050508,0.6279096989966555,1.8100207977397014,0.6279096989966555,1.251479295766562,1.4869565217391305,0.22360161109082752,0.6279096989966555,1.0553938345225957,0.6279096989966555,1.1379921346662012
58,1.5130434782608697,0.20339001840484197,0.6390133779264214,1.8517755532740785,0.6390133779264214,1.2216993290667608,1.5130434782608697,0.21733300231157354,0.6390133779264214,1.001567704036518,0.6390133779264214,1.0901359916226419
59,1.539130434782609,0.19850752316239847,0.6501170568561873,1.8887378033281834,0.6501170568561873,1.1921761992251756,1.539130434782609,0.21124752569437108,0.6501170568561873,0.950162806641002,0.6501170568561873,1.0438339324521677
60,1.565217391304348,0.19377293150836727,0.6612207357859532,1.9205350227807805,0.6612207357859532,1.1629991221120906,1.565217391304348,0.20535302240215875,0.6612207357859532,0.9012044053106707,0.6612207357859532,0.9991631413890492
61,1.591304347826087,0.18918522988569714,0.672324414715719,1.9468410056423235,0.672324414715719,1.1342369948001565,1.591304347826087,0.19965124783872285,0.672324414715719,0.8546815467677235,0.672324414715719,0.9561696268321135
62,1.6173913043478263,0.18474620291712737,0.683428093645485,1.967380851567777,0.683428093645485,1.1059410694514504,1.6173913043478263,0.19413354650040196,0.683428093645485,0.8105544225698894,0.683428093645485,0.9148734259144459
63,1.6434782608695653,0.18045643797546762,0.6945317725752508,1.981934821460661,0.6945317725752508,1.0781475119244175,1.6434782608695653,0.18877976289126247,0.6945317725752508,0.768761048640403,0.6945317725752508,0.8752734063890872
64,1.6695652173913045,0.17631217576573682,0.7056354515050167,1.9903410659639895,0.7056354515050167,1.0508797952225715,1.6695652173913045,0.18356095434614808,0.7056354515050167,0.7292231713889537,0.7056354515050167,0.8373515895942557
65,1.6956521739130437,0.17230390816771457,0.7167391304347827,1.9924972825128346,0.7167391304347827,1.024150896103766,1.6956521739130437,0.1784452185794683,0.7167391304347827,0.69185136085507,0.7167391304347827,0.8010769549833803
66,1.7217391304347827,0.16841704680468642,0.7278428093645485,1.988361394542414,0.7278428093645485,0.9979652782711722,1.7217391304347827,0.1734049137620792,0.7278428093645485,0.6565492938180139,0.7278428093645485,0.7664087170406404
67,1.7478260869565219,0.16463434771637833,0.7389464882943144,1.9779513676523786,0.7389464882943144,0.9723206574201695,1.7478260869565219,0.16842309986007756,0.7389464882943144,0.6232172624256496,0.7389464882943144,0.7332990892203897
68,1.773913043478261,0.1609392516941627,0.7500501672240802,1.9613442814416922,0.7500501672240802,0.9472095520786393,1.773913043478261,0.16349731780957763,0.7500501672240802,0.5917549670771199,0.7500501672240802,0.7016955670832142
69,1.8,0.1573190323982004,0.7611538461538462,1.9386747639828843,0.7611538461538462,0.9226206299054716,1.8,0.15863972856833594,0.7611538461538462,0.5620636669723317,0.7611538461538462,0.6715427745589804
70,1.8260869565217392,0.15376672103661418,0.772257525083612,1.9101328720952915,0.772257525083612,0.8985398623235363,1.8260869565217392,0.15387381650121398,0.772257525083612,0.5340477691285139,0.772257525083612,0.6427839239485572
71,1.8521739130434784,0.1502811882740267,0.7833612040133779,1.8759614697489448,0.7833612040133779,0.8749515016043561,1.8521739130434784,0.1492288906743952,0.7833612040133779,0.5076159381342519,0.7833612040133779,0.6153619427085213
72,1.8782608695652177,0.14686539044350058,0.7944648829431438,1.836453124873597,0.7944648829431438,0.851838894407921,1.8782608695652177,0.14473413758695497,0.7944648829431438,0.4826818058889992,0.7944648829431438,0.5892203191429642
73,1.9043478260869566,0.14352341763806659,0.8055685618729097,1.7919465173001994,0.8055685618729097,0.829185144933077,1.9043478260869566,0.14041384090013043,0.8055685618729097,0.45916435444507686,0.8055685618729097,0.5643037157620799
74,1.9304347826086958,0.14025738474571187,0.8166722408026755,1.7428223324360832,0.8166722408026755,0.8069736398090096,1.9304347826086958,0.1362846961992864,0.8166722408026755,0.4369880370990982,0.8166722408026755,0.5405583941274573
75,1.956521739130435,0.13706522587941342,0.8277759197324415,1.6894986100020077,0.8277759197324415,0.7851884460901413,1.956521739130435,0.13235522534508024,0.8277759197324415,0.41608269416726995,0.8277759197324415,0.5179324892696436
76,1.982608695652174,0.13394008063575488,0.8388795986622074,1.6324255262536844,0.8388795986622074,0.7638145934722153,1.982608695652174,0.12862652205236558,0.8388795986622074,0.39638331130620524,0.8388795986622074,0.4963761658864327
77,2.008695652173913,0.13087135275479894,0.8499832775919732,1.5720796110010347,0.8499832775919732,0.7428382522090504,2.008695652173913,0.12509323884672366,0.8499832775919732,0.3778296604507201,0.8499832775919732,0.47584168300451346
78,2.0347826086956524,0.127846932269329,0.8610869565217392,1.5089574348855954,0.8610869565217392,0.7222468190867702,2.0347826086956524,0.1217439511385123,0.8610869565217392,0.3603658568304034,0.8610869565217392,0.4562833889358639
79,2.0608695652173914,0.12485573958721487,0.872190635451505,1.443568843651341,0.872190635451505,0.7020289249787988,2.0608695652173914,0.11856066560297164,0.872190635451505,0.34393986026294737,0.872190635451505,0.4376576643401895
80,2.086956521739131,0.12188978853026705,0.8832943143812709,1.3764298594093236,0.8832943143812709,0.6821743786560093,2.086956521739131,0.11551796725738271,0.8832943143812709,0.3285029449670282,0.8832943143812709,0.4199228280270297
81,2.11304347826087,0.11894531784324319,0.8943979933110368,1.3080554087022334,0.8943979933110368,0.6626740623458458,2.11304347826087,0.1125827805706822,0.8943979933110368,0.3140091592949631,0.8943979933110368,0.40303901769598205
82,2.139130434782609,0.11602301391181441,0.9055016722408027,1.2389520684707012,0.9055016722408027,0.6435197947578702,2.139130434782609,0.10971572720795668,0.9055016722408027,0.30041479475349253,0.9055016722408027,0.38696805595209555
83,2.165217391304348,0.11312771092800028,0.9166053511705685,1.1696110397898556,0.9166053511705685,0.6247041767582974,2.165217391304348,0.10687457768200118,0.9166053511705685,0.28767788210805256,0.9166053511705685,0.3716733104516687
84,2.191304347826087,0.11026805080677607,0.9277090301003345,1.100501562964117,0.9277090301003345,0.6062204335483562,2.191304347826087,0.10401950930421808,0.9277090301003345,0.275757730902931,0.9277090301003345,0.3571195557500523
85,2.217391304347826,0.10745639671169797,0.9388127090301003,1.0320649754788818,0.9388127090301003,0.5880622651757259,2.217391304347826,0.10111911831223232,0.9388127090301003,0.26461452707550615,0.9388127090301003,0.3432728431970179
86,2.2434782608695656,0.10470894141727548,0.9499163879598662,0.9647095874218272,0.9499163879598662,0.570223714685287,2.2434782608695656,0.09815570207513072,0.9499163879598662,0.2542090012758952,0.9499163879598662,0.33010038397209035
87,2.2695652173913046,0.10204562586113453,0.9610200668896322,0.8988065098846336,0.9610200668896322,0.5526990604590204,2.2695652173913046,0.09512840592663546,0.9610200668896322,0.24450217790043455,0.9610200668896322,0.317570449044933
88,2.2956521739130435,0.09948935210815665,0.972123745819398,0.8346865242979683,0.972123745819398,0.5354827365814878,2.2956521739130435,0.09205339550779842,0.972123745819398,0.23545521168728678,0.972123745819398,0.30565228850578663
89,2.321739130434783,0.09706410893032442,0.9832274247491639,0.772638029072197,0.9832274247491639,0.5185692826365996,2.321739130434783,0.08896106170025,0.9832274247491639,0.22702931507822885,0.9832274247491639,0.29431607139142124
90,2.347826086956522,0.09479197651589558,0.9943311036789297,0.7129060488699754,0.9943311036789297,0.501953322357975,2.347826086956522,0.08589108639965976,0.9943311036789297,0.21918577557264182,0.9943311036789297,0.2835328458991269
91,2.373913043478261,0.09268940018498537,1.0054347826086958,0.6556922454853648,1.0054347826086958,0.4856295690889582,2.373913043478261,0.08288671162339782,1.0054347826086958,0.21188605819295628,1.0054347826086958,0.2732745187963922
92,2.4000000000000004,0.09076346074683353,1.0165384615384616,0.6011558309874477,1.0165384615384616,0.4695928550349195,2.4000000000000004,0.07998960619750257,1.0165384615384616,0.20509198418053148,1.0165384615384616,0.2635138519415529
93,2.4260869565217393,0.08900900558920864,1.0276421404682274,0.5494152557382894,1.0276421404682274,0.45383818071102766,2.4260869565217393,0.07723633238653074,1.0276421404682274,0.19876597338871416,1.0276421404682274,0.254224473152455
94,2.4521739130434783,0.08740740491014602,1.0387458193979935,0.5005505271191124,1.0387458193979935,0.4383607806634173,2.4521739130434783,0.07465675193471139,1.0387458193979935,0.19287133476245552,1.0387458193979935,0.24538089819583297
95,2.4782608695652177,0.08592740341048684,1.0498494983277593,0.45460600910262644,1.0498494983277593,0.4231562013282842,2.4782608695652177,0.07227402826498842,1.0498494983277593,0.18737258698599518,1.0498494983277593,0.23695856040315674
96,2.5043478260869567,0.08452813516771131,1.0609531772575251,0.4115935569781264,1.0609531772575251,0.40822038668314986,2.5043478260869567,0.07010541269035621,1.0609531772575251,0.1822357899908491,1.0609531772575251,0.22893384432487257
97,2.5304347826086957,0.08316395131307631,1.0720568561872912,0.37149585360007714,1.0720568561872912,0.3935497670868568,2.5304347826086957,0.06816288422304445,1.0720568561872912,0.17742886763972357,1.0720568561872912,0.2212841198901408
98,2.556521739130435,0.08179035363155128,1.083160535117057,0.3342698310897074,1.083160535117057,0.3791413464171485,2.556521739130435,0.06645294888452323,1.083160535117057,0.17292190257107104,1.083160535117057,0.21398777372505884
99,2.582608695652174,0.08037008851596752,1.0942642140468228,0.2998500824673942,1.0942642140468228,0.36499278237480226,2.582608695652174,0.06497538062563925,1.0942642140468228,0.16868738587345827,1.0942642140468228,0.2070242345884028
100,2.608695652173913,0.07887837388690247,1.1053678929765887,0.26815218891105486,1.1053678929765887,0.3511024547473839,2.608695652173913,0.06372122046670241,1.1053678929765887,0.16470040686589346,1.1053678929765887,0.20037399030525646
101,2.6347826086956525,0.07730632884560375,1.1164715719063547,0.23907590830917042,1.1164715719063547,0.33746951663694524,2.6347826086956525,0.06267076045882959,1.1164715719063547,0.1609387716391149,1.1164715719063547,0.1940185941114761
102,2.6608695652173915,0.07566194943384252,1.1275752508361205,0.21250818813707353,1.1275752508361205,0.3240939242510385,2.6608695652173915,0.061792396474774185,1.1275752508361205,0.1573830429636244,1.1275752508361205,0.18794065895649828
103,2.6869565217391305,0.07396838724536796,1.1386789297658864,0.1883259796536767,1.1386789297658864,0.31097644187681384,2.6869565217391305,0.06104309643083859,1.1386789297658864,0.15401649845598253,1.1386789297658864,0.18212383902865958
104,2.71304347826087,0.07225976889068444,1.1497826086956522,0.16639884077389697,1.1497826086956522,0.2981186200730472,2.71304347826087,0.060370844697027415,1.1497826086956522,0.15082500825728887,1.1497826086956522,0.17655279853276176
105,2.739130434782609,0.07057524940820611,1.1608862876254182,0.1465913219647833,1.1608862876254182,0.2855227468192772,2.739130434782609,0.05971890392900498,1.1608862876254182,0.1477968376553669,1.1608862876254182,0.17121316851812107
106,2.765217391304348,0.06895232867346075,1.171989966555184,0.1287651337165157,1.171989966555184,0.2731917731877415,2.765217391304348,0.05903123145982691,1.171989966555184,0.14492238382933326,1.171989966555184,0.16609149327242026
107,2.7913043478260873,0.06742060811976369,1.1830936454849499,0.1127810963107277,1.1830936454849499,0.26112921684927126,2.7913043478260873,0.05825804312540934,1.1830936454849499,0.14219385900036177,1.1830936454849499,0.16117516840651253
108,2.8173913043478263,0.0659970956099785,1.194197324414716,0.09850087354696321,1.194197324414716,0.24933904818295768,2.8173913043478263,0.057360435727469836,1.194197324414716,0.13960493457341946,1.194197324414716,0.15645237320896213
109,2.8434782608695652,0.06468388982918741,1.2053010033444818,0.08578849251698448,1.2053010033444818,0.23782556475734834,2.8434782608695652,0.05631319298401809,1.2053010033444818,0.13715036224979046,1.2053010033444818,0.1519120001121448
110,2.8695652173913047,0.06346863797253306,1.2164046822742476,0.07451165200281125,1.2164046822742476,0.22659326037559224,2.8695652173913047,0.05510535828842356,1.2164046822742476,0.13482558854329935,1.2164046822742476,0.14754358416978344
111,2.8956521739130436,0.06232763509776848,1.2275083612040134,0.06454282298492495,1.2275083612040134,0.2156466946955373,2.8956521739130436,0.05373873516884699,1.2275083612040134,0.1326263786732723,1.2275083612040134,0.143337235306452
112,2.9217391304347826,0.06123091374752726,1.2386120401337795,0.05576014624356432,1.2386120401337795,0.20499036870001544,2.9217391304347826,0.05222500326088217,1.2386120401337795,0.13054846452204863,1.2386120401337795,0.13928357579054293
113,2.947826086956522,0.06014826220035599,1.2497157190635453,0.048048134098247375,1.2497157190635453,0.19462861012896412,2.947826086956522,0.05058244938632391,1.2497157190635453,0.12858722936955905,1.2497157190635453,0.13537368494604476
114,2.973913043478261,0.059054906446817435,1.260819397993311,0.04129818580053942,1.260819397993311,0.1845654715729374,2.973913043478261,0.04883330478889652,1.260819397993311,0.1267374396211137,1.260819397993311,0.13159905260515278
115,3.0000000000000004,0.05793566070516932,1.271923076923077,0.03540892873094281,1.271923076923077,0.17480464246914731,3.0000000000000004,0.04700234531953115,1.271923076923077,0.1249930309146944,1.271923076923077,0.12795154226247826
116,3.0260869565217394,0.05678670167548726,1.283026755852843,0.030286400081539922,1.283026755852843,0.1653493749291003,3.0260869565217394,0.04511685590785485,1.283026755852843,0.12334695302226836,1.283026755852843,0.12442336436389224
117,3.0521739130434784,0.05561468603984652,1.2941304347826088,0.02584408587854333,1.2941304347826088,0.15620242231517928,3.0521739130434784,0.04320747043619008,1.2941304347826088,0.12179107502867244,1.2941304347826088,0.12100705967795158
118,3.078260869565218,0.05443357448209126,1.3052341137123746,0.022002835812899045,1.3052341137123746,0.14736598886648117,3.078260869565218,0.041308981400866876,1.3052341137123746,0.12031614954509132,1.3052341137123746,0.11769549227068046
119,3.104347826086957,0.053260079709552884,1.3163377926421407,0.018690673275757862,1.3163377926421407,0.1388416884765718,3.104347826086957,0.03946012772823432,1.3163377926421407,0.11891183232920119,1.3163377926421407,0.11448185123842605
120,3.130434782608696,0.052108967772356275,1.3274414715719065,0.015842520192076513,1.3274414715719065,0.13063051090487698,3.130434782608696,0.037701660806692704,1.3274414715719065,0.11756675174629361,1.3274414715719065,0.11135966004388423
121,3.156521739130435,0.05098942436139822,1.3385451505016723,0.013399855737363136,1.3385451505016723,0.1227327941622584,3.156521739130435,0.03607257286354107,1.3385451505016723,0.11626862108628981,1.3385451505016723,0.10832279204008746
122,3.182608695652174,0.049903358489682595,1.3496488294314382,0.011310326897413148,1.3496488294314382,0.11514820241964546,3.182608695652174,0.03460505619268258,1.3496488294314382,0.11500438588559689,1.3496488294314382,0.10536549055183364
123,3.208695652173913,0.04884595502184618,1.3607525083612042,0.009527327217808091,1.3607525083612042,0.10787570940744574,3.208695652173913,0.03331931338182706,1.3607525083612042,0.1137603980887598,1.3607525083612042,0.10248239171581716
124,3.2347826086956526,0.047808165332051976,1.37185618729097,0.00800955813894489,1.37185618729097,0.10091358777907913,3.2347826086956526,0.03221956561775874,1.37185618729097,0.11252260908526357,1.37185618729097,0.09966854816935215
125,3.2608695652173916,0.04678031462259558,1.3829598662207359,0.006720585175658293,1.3829598662207359,0.0942594052148408,3.2608695652173916,0.03129242481684806,1.3829598662207359,0.1112767742998676,1.3829598662207359,0.09691945163883292
126,3.2869565217391306,0.0457557417398786,1.3940635451505017,0.005628399017579604,1.3940635451505017,0.08791002809867247,3.2869565217391306,0.030508257849318095,1.3940635451505017,0.11000866299827405,1.3940635451505017,0.0942310525308146
127,3.31304347826087,0.04473343744045488,1.4051672240802677,0.0047049895136091644,1.4051672240802677,0.08186163341503105,3.31304347826087,0.029825443137099658,1.4051672240802677,0.10870426816736863,1.4051672240802677,0.0915997747853488
128,3.339130434782609,0.04371898652435237,1.4162709030100336,0.003925938549045109,1.4162709030100336,0.07610972913333718,3.339130434782609,0.029196719630271456,1.4162709030100336,0.10735001259932975,1.4162709030100336,0.08902252451868321
129,3.365217391304348,0.04272364204876118,1.4273745819397994,0.003270036085013935,1.4273745819397994,0.07064918285118466,3.365217391304348,0.028576351874119336,1.4273745819397994,0.1059329485071438,1.4273745819397994,0.0864966913532781
130,3.3913043478260874,0.04176190525216862,1.4384782608695654,0.002718922137371126,1.4384782608695654,0.06547425794633514,3.3913043478260874,0.027926697095278515,1.4384782608695654,0.10444094899200779,1.4384782608695654,0.0840201417850196
131,3.4173913043478263,0.0408483840925638,1.4495819397993313,0.002256756233599759,1.4495819397993313,0.06057865603020094,3.4173913043478263,0.02722296822903681,1.4495819397993313,0.1028628903629456,1.4495819397993313,0.08159120443442142
132,3.4434782608695653,0.03999483478304538,1.460685618729097,0.0018699148913883662,1.460685618729097,0.05595556417294879,3.4434782608695653,0.026455453091883168,1.460685618729097,0.1011888246071769,1.460685618729097,0.07920864752465587
133,3.4695652173913047,0.03920812539319303,1.471789297658863,0.0015467168897583454,1.471789297658863,0.051597705225384836,3.4695652173913047,0.02562903172537315,1.471789297658863,0.09941014120740993,1.471789297658863,0.07687164937522334
134,3.4956521739130437,0.03848947719267181,1.482892976588629,0.0012771755245709064,1.482892976588629,0.04749738960571581,3.4956521739130437,0.0247603812717493,1.482892976588629,0.09751971703503601,1.482892976588629,0.07457976305085402
135,3.5217391304347827,0.03783489643427951,1.4939966555183948,0.0010527766244295392,1.4939966555183948,0.04364656712937077,3.5217391304347827,0.023873652841952614,1.4939966555183948,0.09551205230513513,1.4939966555183948,0.07233287652710894
136,3.547826086956522,0.03723638014079086,1.5051003344481606,0.000866280820646776,1.5051003344481606,0.04003687779194925,3.547826086956522,0.022995584214538622,1.5051003344481606,0.09338338969369463,1.5051003344481606,0.0701311698103164
137,3.573913043478261,0.036683377355039584,1.5162040133779264,0.000711548389033793,1.5162040133779264,0.03665970080898776,3.573913043478261,0.022150970502615542,1.5162040133779264,0.09113181285202113,1.5162040133779264,0.06797507038297447
138,3.6,0.03616411566284528,1.5273076923076925,0.0005833848884669483,1.5273076923076925,0.03350620160808917,3.6,0.0213591955129881,1.5273076923076925,0.08875731987919946,1.5273076923076925,0.0658652081589836
139,3.6260869565217395,0.03566665809981596,1.5384113712374583,0.0004774057920984921,1.5384113712374583,0.030567376802674375,3.6260869565217395,0.020632204608683497,1.5384113712374583,0.08626186698759172,1.5384113712374583,0.06380237086426213
140,3.6521739130434785,0.035179783429241974,1.5495150501672241,0.0003899183260178318,1.5495150501672241,0.02783409741117197,3.6521739130434785,0.01997396240562263,1.5495150501672241,0.08364937773924984,1.5495150501672241,0.06178746045525007
141,3.6782608695652175,0.03469385949096666,1.5606187290969902,0.0003178187846380393,1.5606187290969902,0.025297150700016993,3.6782608695652175,0.019381163696145648,1.5606187290969902,0.08092571390839834,1.5606187290969902,0.059821450900352215
142,3.704347826086957,0.034201775909220786,1.571722408026756,0.00025850367218480916,1.571722408026756,0.022947281023660136,3.704347826086957,0.018844804924414118,1.571722408026756,0.07809860523602538,1.571722408026756,0.05790534742160394
143,3.730434782608696,0.03369979696420373,1.5828260869565218,0.0002097931175496298,1.5828260869565218,0.02077522992877557,3.730434782608696,0.018352189619180708,1.5828260869565218,0.07517753701692945,1.5828260869565218,0.05604014715763406
144,3.7565217391304353,0.033188026733061725,1.5939297658862877,0.00016986511915863543,1.5939297658862877,0.018771775615255323,3.7565217391304353,0.017889009209159333,1.5939297658862877,0.07217359646417036,1.5939297658862877,0.054226801179702654
145,3.7826086956521743,0.03267016735014491,1.6050334448160537,0.0001371992923509319,1.6050334448160537,0.01692777164232463,3.7826086956521743,0.01744125892037839,1.6050334448160537,0.06909928094980591,1.6050334448160537,0.05246617786760089
146,3.8086956521739133,0.0321524318290794,1.6161371237458195,0.00011052890998240965,1.6161371237458195,0.015234184572922606,3.8086956521739133,0.01699686014673592,1.6161371237458195,0.06596827331713818,1.6161371237458195,0.05075902781241227
147,3.8347826086956527,0.03164177356238964,1.6272408026755854,8.880014431762174e-05,1.6272408026755854,0.013682130095856037,3.8347826086956527,0.016546926582791794,1.6272408026755854,0.06279519129113009,1.6272408026755854,0.04910595062684568
148,3.8608695652173917,0.031143875514218187,1.6383444816053512,7.113753219723725e-05,1.6383444816053512,0.012262907075220595,3.8608695652173917,0.016086624472137556,1.6383444816053512,0.059595319398272326,1.6383444816053512,0.04750736427231742
149,3.8869565217391306,0.030661468974975955,1.6494481605351172,5.681479405503964e-05,1.6494481605351172,0.010968028959796011,3.8869565217391306,0.015615562127447124,1.6494481605351172,0.05638433261083481,1.6494481605351172,0.0459634777155219
150,3.91304347826087,0.030193463972364592,1.660551839464883,4.5230239248639785e-05,1.660551839464883,0.009789252038910519,3.91304347826087,0.015137640781558812,1.660551839464883,0.05317802108273269,1.660551839464883,0.04447426787103164
151,3.939130434782609,0.029735110690676612,1.6716555183946489,3.5886084491389276e-05,1.6716555183946489,0.00871860014277794,3.939130434782609,0.014660340325603077,1.6716555183946489,0.049992024845954615,1.6716555183946489,0.043039461844837396
152,3.965217391304348,0.029279087411120445,1.682759197324415,2.837109847015863e-05,1.682759197324415,0.007748385534832406,3.965217391304348,0.014193504568612045,1.682759197324415,0.04684158625774281,1.682759197324415,0.04165852545279043
153,3.9913043478260875,0.028817153425334967,1.6938628762541807,2.2346063877673817e-05,1.6938628762541807,0.006871225908459974,3.9913043478260875,0.01374780361132431,1.6938628762541807,0.0437413264582016,1.6938628762541807,0.0403306588461067
154,4.017391304347826,0.02834189758523988,1.7049665551839466,1.753161820683858e-05,1.7049665551839466,0.006080057558932499,4.017391304347826,0.013333137981346107,1.7049665551839466,0.04070505028538267,1.7049665551839466,0.03905479984308944
155,4.043478260869565,0.02784816348837739,1.7160702341137124,1.3698097059171413e-05,1.7160702341137124,0.005368144935378572,4.043478260869565,0.012957266880298475,1.7160702341137124,0.03774558218858057,1.7160702341137124,0.03782963526036631
156,4.069565217391305,0.027333888028593555,1.7271739130434784,1.0657058843602576e-05,1.7271739130434784,0.004729086875308871,4.069565217391305,0.012624875760168465,1.7271739130434784,0.03487463386446697,1.7271739130434784,0.03665362018211585
157,4.095652173913043,0.02680027510460722,1.7382775919732443,8.254218091987843e-06,1.7382775919732443,0.004156819880329444,4.095652173913043,0.012337169080311872,1.7382775919732443,0.032102702772784555,1.7382775919732443,0.035525004728245685
158,4.121739130434783,0.02625138008353427,1.74938127090301,6.363556736902473e-06,1.74938127090301,0.0036456188074264003,4.121739130434783,0.012091933931618094,1.74938127090301,0.029438999483944114,1.74938127090301,0.03444186750821276
159,4.147826086956522,0.02569327701355893,1.760484949832776,4.882419139978852e-06,1.760484949832776,0.0031900953319894034,4.147826086956522,0.011883925190109595,1.760484949832776,0.026891401032557702,1.760484949832776,0.03340215459981785
160,4.173913043478262,0.025133022657483326,1.771588628762542,3.7274279746723444e-06,1.771588628762542,0.002785194496361825,4.173913043478262,0.01170540647267141,1.771588628762542,0.02446642710567913,1.771588628762542,0.03240372259219867
161,4.2,0.024577632978989378,1.7826923076923078,2.8310847906275896e-06,1.7826923076923078,0.0024261896023880765,4.2,0.011546738782407128,1.7826923076923078,0.02216923593827748,1.7826923076923078,0.03144438399603608
162,4.22608695652174,0.024033257519242273,1.7937959866220736,2.1389417320589367e-06,1.7937959866220736,0.002108675648965841,4.22608695652174,0.0113970011012164,1.7937959866220736,0.020003637136705416,1.7937959866220736,0.03052195316471836
163,4.252173913043479,0.02350467603384901,1.8048996655518397,1.607249939911799e-06,1.8048996655518397,0.0018285614649092624,4.252173913043479,0.011244700903584164,1.8048996655518397,0.017972119193358446,1.8048996655518397,0.029634290797542925
164,4.278260869565218,0.022995151836809547,1.8160033444816055,1.2010061000662936e-06,1.8160033444816055,0.0015820606495849598,4.278260869565218,0.011078646554662152,1.8160033444816055,0.016075890072854395,1.8160033444816055,0.02877934511632118
165,4.304347826086957,0.02250657205550437,1.8271070234113713,8.923318404752584e-07,1.8271070234113713,0.0013656814117443364,4.304347826086957,0.010888998125044609,1.8271070234113713,0.014314929829300748,1.8271070234113713,0.027955187922818047
166,4.330434782608696,0.02203971675686661,1.8382107023411371,6.591316288330673e-07,1.8382107023411371,0.0011762153907188431,4.330434782608696,0.01066841276351126,1.8382107023411371,0.012688054663419534,1.8382107023411371,0.027160043955074906
167,4.356521739130435,0.021594463333074857,1.8493143812709032,4.839838431636304e-07,1.8493143812709032,0.0010107255512480334,4.356521739130435,0.010413100640435421,1.8493143812709032,0.011192992085308275,1.8493143812709032,0.026392312259872368
168,4.382608695652174,0.021169774451434226,1.860418060200669,3.532271063337012e-07,1.860418060200669,0.0008665332596649544,4.382608695652174,0.01012355223397866,1.860418060200669,0.009826466885961095,1.860418060200669,0.025650578675087528
169,4.408695652173914,0.020763433176744357,1.8715217391304348,2.562100779619968e-07,1.8715217391304348,0.0007412046702509403,4.408695652173914,0.009804713152811001,1.8715217391304348,0.008584297445307955,1.8715217391304348,0.024933618952585
170,4.434782608695652,0.02037163907686802,1.8826254180602007,1.846779295734267e-07,1.8826254180602007,0.0006325365716733493,4.434782608695652,0.009465468326783615,1.8826254180602007,0.007461501553260489,1.8826254180602007,0.024240392527366875
171,4.460869565217392,0.019988702668663854,1.8937290969899667,1.3227289832774832e-07,1.8937290969899667,0.0005385418606455905,4.460869565217392,0.009117430989024967,1.8937290969899667,0.006452410451864214,1.8937290969899667,0.023570027425537217
172,4.486956521739131,0.019607112720276588,1.9048327759197325,9.412979187399442e-08,1.9048327759197325,0.00045743482054272534,4.486956521739131,0.008773180355287279,1.9048327759197325,0.005550789292188023,1.9048327759197325,0.022921797273201004
173,4.51304347826087,0.019218171531832837,1.9159364548494984,6.655023932051237e-08,1.9159364548494984,0.00038761638520462,4.51304347826087,0.008444222040103708,1.9159364548494984,0.004749961712136169,1.9159364548494984,0.02229509179136691
174,4.539130434782609,0.018813214042390485,1.9270401337792644,4.674195939951715e-08,1.9270401337792644,0.00032765956234233383,4.539130434782609,0.008139029620731441,1.9270401337792644,0.0040429358468576935,1.9270401337792644,0.021689382511066495
175,4.565217391304349,0.0183852084423938,1.9381438127090302,3.26114305545493e-08,1.9381438127090302,0.0002762951776449063,4.565217391304349,0.007861544618754065,1.9381438127090302,0.003422528833235877,1.9381438127090302,0.021104185695587557
176,4.591304347826087,0.017930361557101652,1.949247491638796,2.260016284451103e-08,1.949247491638796,0.00023239808140462824,4.591304347826087,0.007610454617080089,1.949247491638796,0.0028814867962025036,1.949247491638796,0.020539024596817473
177,4.6173913043478265,0.017449292425223514,1.960351170568562,1.5556336567816462e-08,1.960351170568562,0.00019497393617415686,4.6173913043478265,0.007379436590925951,1.960351170568562,0.002412597418336871,1.960351170568562,0.019993393191887712
178,4.643478260869566,0.016947421551982103,1.971454849498328,1.0634923936327793e-08,1.971454849498328,0.00016314667865485781,4.643478260869566,0.007158363165805994,1.971454849498328,0.002008792486046343,1.971454849498328,0.019466723444566934
179,4.6695652173913045,0.016434426432615612,1.9825585284280938,7.220576059617457e-09,1.9825585284280938,0.00013614672353970438,4.6695652173913045,0.006935260877195093,1.9825585284280938,0.0016632382489629306,1.9825585284280938,0.018958357921050446
180,4.695652173913044,0.01592286699997725,1.9936622073578596,4.868560163044637e-09,1.9936622073578596,0.00011329995290326973,4.695652173913044,0.006698632843939928,1.9936622073578596,0.001369411984713698,1.9936622073578596,0.018467529276660326
181,4.721739130434783,0.015426302110619424,2.0047658862876254,3.2598897057100752e-09,2.0047658862876254,9.401751302798247e-05,4.721739130434783,0.006439664814177171,2.0047658862876254,0.001121163782334722,2.0047658862876254,0.01799334773850463
182,4.747826086956522,0.014957331563986357,2.0158695652173915,2.1675187548618967e-09,2.0158695652173915,7.77864219253388e-05,4.747826086956522,0.006153856333060018,2.0158695652173915,0.0009127631958925741,2.0158695652173915,0.017534797262835397
183,4.773913043478261,0.014525980576846223,2.0269732441471575,1.4310859126584965e-09,2.0269732441471575,6.416097550796699e-05,4.773913043478261,0.005841757982020105,2.0269732441471575,0.0007389310300604649,2.0269732441471575,0.017090740569919854
184,4.800000000000001,0.01413871553438488,2.038076923076923,9.382055410521295e-10,2.038076923076923,5.275492833819105e-05,4.800000000000001,0.005508714915831259,2.038076923076923,0.0005948570631824113,2.038076923076923,0.01665993277912316
185,4.826086956521739,0.013798194897434186,2.049180602006689,6.107274636082766e-10,2.049180602006689,4.323441585188686e-05,4.826086956521739,0.005163753799058499,2.049180602006689,0.0004762049620859733,2.049180602006689,0.01624104290702826
186,4.852173913043479,0.01350367895886346,2.0602842809364548,3.9473248987149105e-10,2.0602842809364548,3.531157854264887e-05,4.852173913043479,0.004817936984865366,2.0602842809364548,0.0003791059787873965,2.0602842809364548,0.01583268207436105
187,4.878260869565218,0.013251892598102088,2.071387959866221,2.533109994080635e-10,2.071387959866221,2.873884435755558e-05,4.878260869565218,0.004482594497140099,2.071387959866221,0.00030014323535798945,2.071387959866221,0.01543343691335948
188,4.904347826086957,0.01303807517731305,2.082491638795987,1.6139558850203343e-10,2.082491638795987,2.3303823083839513e-05,4.904347826086957,0.00416781509508437,2.082491638795987,0.00023632850249245856,2.082491638795987,0.01504190639321123
189,4.930434782608696,0.012856956767017416,2.0935953177257525,1.0209564637364253e-10,2.0935953177257525,1.8824765426721888e-05,4.930434782608696,0.003881453433284756,2.0935953177257525,0.0001850733706595922,2.0935953177257525,0.01465674010108661
190,4.9565217391304355,0.012703454418813593,2.1046989966555185,6.411992576811399e-11,2.1046989966555185,1.514653948853155e-05,4.9565217391304355,0.00362873886751341,2.1046989966555185,0.00014415661683322688,2.1046989966555185,0.014276675939994902
191,4.982608695652174,0.012572970469345092,2.1158026755852846,3.9979926326234085e-11,2.1158026755852846,1.2137078218175388e-05,4.982608695652174,0.0034124088249969124,2.1158026755852846,0.00011168940483790969,2.1158026755852846,0.013900575237509788
192,5.008695652173913,0.01246128345189044,2.12690635451505,2.4748435992533174e-11,2.12690635451505,9.684252922766253e-06,5.008695652173913,0.0032331809565526995,2.12690635451505,8.607974465220631e-05,2.12690635451505,0.013527453401413456
193,5.034782608695653,0.012364134992125493,2.138010033444816,1.5209134329340758e-11,2.138010033444816,7.693129974663296e-06,5.034782608695653,0.0030903448332797426,2.138010033444816,6.5997396258645e-05,2.138010033444816,0.013156504503725667
194,5.060869565217391,0.01227670900397118,2.1491137123745823,9.279122481942025e-12,2.1491137123745823,6.083570288227879e-06,5.060869565217391,0.0029822903339437705,2.1491137123745823,5.0340155331917395e-05,2.1491137123745823,0.012787118511454915
195,5.086956521739131,0.012193242981608942,2.160217391304348,5.6201794254310015e-12,2.160217391304348,4.788133876697356e-06,5.086956521739131,0.002906870299404714,2.160217391304348,3.820221661604026e-05,2.160217391304348,0.01241889029268795
196,5.11304347826087,0.012106982013772702,2.171321070234114,3.3793248504808696e-12,2.171321070234114,3.750254733437164e-06,5.11304347826087,0.0028615851023661774,2.171321070234114,2.8845088035509434e-05,2.171321070234114,0.012051619986851217
197,5.139130434782609,0.01201058271177317,2.1824247491638795,2.0171686825825522e-12,2.1824247491638795,2.922654320366259e-06,5.139130434782609,0.002843645695028411,2.1824247491638795,2.1671332483898987e-05,2.1824247491638795,0.01168530481050952
198,5.165217391304348,0.011896924443999096,2.1935284280936456,1.195317823359958e-12,2.1935284280936456,2.265965001182035e-06,5.165217391304348,0.0028500009472960143,2.1935284280936456,1.620124943302705e-05,2.1935284280936456,0.011320122844982572
199,5.191304347826088,0.011760139888463915,2.2046321070234116,7.031535895655221e-13,2.2046321070234116,1.7475377471445146e-06,5.191304347826088,0.00287740182374799,2.2046321070234116,1.2052476598199424e-05,2.2046321070234116,0.010956409789372692
200,5.217391304347826,0.011596589672549723,2.215735785953177,4.1061957380151857e-13,2.215735785953177,1.340411298589545e-06,5.217391304347826,0.002922530372846745,2.215735785953177,8.922392063505683e-06,2.215735785953177,0.010594630034680984
201,5.243478260869566,0.011405509868589419,2.2268394648829433,2.3803950639868055e-13,2.2268394648829433,1.022422630304325e-06,5.243478260869566,0.0029821659036032896,2.2268394648829433,6.573126934752586e-06,2.2268394648829433,0.010235343698596903
202,5.269565217391305,0.01118915404564319,2.2379431438127093,1.3698591765894907e-13,2.2379431438127093,7.754410041615495e-07,5.269565217391305,0.0030533169194455864,2.2379431438127093,4.818954022143516e-06,2.2379431438127093,0.009879171439903038
203,5.2956521739130435,0.01095239734492618,2.249046822742475,7.825607600081664e-14,2.249046822742475,5.847100758648813e-07,5.2956521739130435,0.0031332340091862728,2.249046822742475,3.5157949435727246e-06,2.249046822742475,0.009526758937715301
204,5.321739130434783,0.010701915462921801,2.260150501672241,4.437858501426188e-14,2.260150501672241,4.382844484129035e-07,5.321739130434783,0.003219244723566348,2.260150501672241,2.552581924401403e-06,2.260150501672241,0.009178742873772454
205,5.347826086956522,0.010445148938279952,2.271254180602007,2.4982749856334054e-14,2.271254180602007,3.2654874098714046e-07,5.347826086956522,0.003308411861331982,2.271254180602007,1.84421719167155e-06,2.271254180602007,0.008835720103460613
206,5.373913043478261,0.010189288420880517,2.2823578595317726,1.3961007758582559e-14,2.2823578595317726,2.418086872201636e-07,5.373913043478261,0.0033970935018690367,2.2823578595317726,1.3258883906659709e-06,2.2823578595317726,0.008498221457839284
207,5.4,0.009940473888251063,2.2934615384615387,7.744645209878759e-15,2.2934615384615387,1.7794501716482206e-07,5.4,0.00348054944919585,2.2934615384615387,9.48519623589833e-07,2.2934615384615387,0.008166691304453454
208,5.42608695652174,0.009703315799683004,2.3045652173913043,4.264745749991259e-15,2.3045652173913043,1.3012194232473457e-07,5.42608695652174,0.00355276674252223,2.3045652173913043,6.751618740937517e-07,2.3045652173913043,0.007841473632185703
209,5.452173913043478,0.009480752348204424,2.3156688963210703,2.3312582136586646e-15,2.3156688963210703,9.45429828420772e-08,5.452173913043478,0.0036066484203117733,2.3156688963210703,4.781516953401981e-07,2.3156688963210703,0.007522805038961871
210,5.478260869565218,0.00927418212842343,2.3267725752508364,1.2650045921022717e-15,2.3267725752508364,6.824767839072643e-08,5.478260869565218,0.0036346247772868954,2.3267725752508364,3.3689161868019487e-07,2.3267725752508364,0.007210814614155413
211,5.504347826086957,0.009083770452709493,2.337876254180602,6.8139240814455495e-16,2.337876254180602,4.8943433824430594e-08,5.504347826086957,0.003629625784806213,2.337876254180602,2.36128782015999e-07,2.337876254180602,0.006905530341149229
212,5.530434782608696,0.008908821256127566,2.348979933110368,3.643384588024263e-16,2.348979933110368,3.486738692733313e-08,5.530434782608696,0.00358623376826263,2.348979933110368,1.6462917414994715e-07,2.348979933110368,0.006606891317530584
213,5.556521739130435,0.008748126428794245,2.360083612040134,1.9338128412778698e-16,2.360083612040134,2.4673763646642793e-08,5.556521739130435,0.003501757139804888,2.360083612040134,1.1416334446039817e-07,2.360083612040134,0.006314764814808455
214,5.5826086956521745,0.008600237868836453,2.3711872909698997,1.0188841261622075e-16,2.3711872909698997,1.734271640160389e-08,5.5826086956521745,0.0033769581328037482,2.3711872909698997,7.873536394859178e-08,2.3711872909698997,0.006028966986429428
215,5.608695652173913,0.008463642538543469,2.3822909698996657,5.328873292440693e-17,2.3822909698996657,1.2107130087913143e-08,5.608695652173913,0.0032162365860165408,2.3822909698996657,5.400032906544765e-08,2.3822909698996657,0.005749285888604423
216,5.6347826086956525,0.008336848587587091,2.3933946488294318,2.7665951132990176e-17,2.3933946488294318,8.39433190695635e-09,5.6347826086956525,0.00302719858733933,2.3933946488294318,3.682695840392051e-08,2.3933946488294318,0.005475505406100365
217,5.660869565217392,0.008218406558036838,2.4044983277591974,1.425787693522846e-17,2.4044983277591974,5.780056773837836e-09,5.660869565217392,0.0028196849981095744,2.4044983277591974,2.49710838596465e-08,2.4044983277591974,0.00520742867484674
218,5.6869565217391305,0.008106892995629679,2.4156020066889634,7.293947732628967e-18,2.4156020066889634,3.952400223122275e-09,5.6869565217391305,0.002604457536052775,2.4156020066889634,1.6833343608822956e-08,2.4156020066889634,0.004944899662526041
219,5.71304347826087,0.00800087671680337,2.426705685618729,3.703978803700968e-18,2.426705685618729,2.6838353634098404e-09,5.71304347826087,0.002391806700182545,2.426705685618729,1.1280404571480026e-08,2.426705685618729,0.004687821702446064
220,5.739130434782609,0.007898875163243153,2.437809364548495,1.867118899695062e-18,2.437809364548495,1.8096794890917163e-09,5.739130434782609,0.002190344394757689,2.437809364548495,7.513821533121124e-09,2.437809364548495,0.004436171967814358
221,5.765217391304348,0.00779929617203602,2.448913043478261,9.342706573827261e-19,2.448913043478261,1.211669777965662e-09,5.765217391304348,0.002006184212279092,2.448913043478261,4.974399306831579e-09,2.448913043478261,0.004190011113644413
222,5.791304347826087,0.007700356377726548,2.4600167224080267,4.640559508818267e-19,2.4600167224080267,8.055469902285874e-10,5.791304347826087,0.0018426178128531565,2.4600167224080267,3.272855903220987e-09,2.4600167224080267,0.003949487590260693
223,5.817391304347827,0.00759997722729841,2.4711204013377928,2.288045044277897e-19,2.4711204013377928,5.317527563728209e-10,5.817391304347827,0.0017002937479322063,2.4711204013377928,2.139852869708742e-09,2.4711204013377928,0.0037148364320023094
224,5.843478260869565,0.007495684151267819,2.482224080267559,1.119837724863444e-19,2.482224080267559,3.485219828303014e-10,5.843478260869565,0.0015778164084365445,2.482224080267559,1.390200971788787e-09,2.482224080267559,0.0034863726318217813
225,5.869565217391305,0.007384566277740114,2.4933277591973244,5.440535614087059e-20,2.4933277591973244,2.2679965073698654e-10,5.869565217391305,0.0014726186909663976,2.4933277591973244,8.973779538217339e-10,2.4933277591973244,0.003264479510551928
226,5.895652173913044,0.007263376785035932,2.5044314381270905,2.6237595090703665e-20,2.5044314381270905,1.4653367657009612e-10,5.895652173913044,0.0013819257435880579,2.5044314381270905,5.755015737253016e-10,2.5044314381270905,0.0030495927620251993
227,5.9217391304347835,0.007128847384326907,2.5155351170568565,1.256035702087796e-20,2.5155351170568565,9.39955382264993e-11,5.9217391304347835,0.0013036188386086511,2.5155351170568565,3.666585723294174e-10,2.5155351170568565,0.002842181086250835
228,5.947826086956522,0.006978241010552532,2.526638795986622,5.9686393739121e-21,2.526638795986622,5.986105263981928e-11,5.947826086956522,0.0012368283803893437,2.526638795986622,2.3205663903858273e-10,2.526638795986622,0.002642724498853897
229,5.9739130434782615,0.006810078989329812,2.537742474916388,2.815424698189501e-21,2.537742474916388,3.784792101054953e-11,5.9739130434782615,0.0011821338467426679,2.537742474916388,1.4588723950650724e-10,2.537742474916388,0.0024516915155379662
230,6.000000000000001,0.006624879937110749,2.5488461538461538,1.3182796700484081e-21,2.5488461538461538,2.375713863338944e-11,6.000000000000001,0.0011413235437974893,2.5488461538461538,9.109777497276224e-11,2.5488461538461538,0.0022695164491753376
231,6.026086956521739,0.006425680499733832,2.55994983277592,6.127257198095524e-22,2.55994983277592,1.4804545114142407e-11,6.026086956521739,0.0011167590060668043,2.55994983277592,5.649929315150573e-11,2.55994983277592,0.0020965780227415395
232,6.052173913043479,0.00621811350772852,2.571053511705686,2.826958632547895e-22,2.571053511705686,9.158824748653262e-12,6.052173913043479,0.0011104802832441,2.571053511705686,3.4801842579310425e-11,2.571053511705686,0.0019331803971558816
233,6.078260869565218,0.006009914100656686,2.5821571906354515,1.2946949802341713e-22,2.5821571906354515,5.6250132467544885e-12,6.078260869565218,0.0011232570376486699,2.5821571906354515,2.1289533333068852e-11,2.5821571906354515,0.0017795375473659682
234,6.104347826086957,0.005809888272379626,2.5932608695652175,5.885861457230736e-23,2.5932608695652175,3.4295904677640704e-12,6.104347826086957,0.0011538160925105643,2.5932608695652175,1.293352357781631e-11,2.5932608695652175,0.0016357617050060977
235,6.130434782608696,0.005626556318002919,2.6043645484949836,2.656116192731545e-23,2.6043645484949836,2.075831356210565e-12,6.130434782608696,0.001198447927166957,2.6043645484949836,7.802573749739095e-12,2.6043645484949836,0.0015018563370128339
236,6.156521739130436,0.0054668073448333075,2.615468227424749,1.1898123653627995e-23,2.615468227424749,1.2472958835979245e-12,6.156521739130436,0.0012511158587042539,2.615468227424749,4.674272043920056e-12,2.615468227424749,0.0013777138638387226
237,6.182608695652174,0.005334917373241456,2.626571906354515,5.290590906146891e-24,2.626571906354515,7.439973201135595e-13,6.182608695652174,0.0013040797675476837,2.626571906354515,2.7805527893638188e-12,2.626571906354515,0.0012631180559246077
238,6.208695652173914,0.005232179358717441,2.6376755852842813,2.335200128077693e-24,2.6376755852842813,4.4054963710691954e-13,6.208695652173914,0.001348928290957025,2.6376755852842813,1.6423906625688537e-12,2.6376755852842813,0.0011577507994880016
239,6.234782608695653,0.005157202888307906,2.648779264214047,1.0231473561072002e-24,2.648779264214047,2.589627604131247e-13,6.234782608695653,0.0013778184824807297,2.648779264214047,9.63247988715873e-13,2.648779264214047,0.0010612027069360093
240,6.260869565217392,0.005106733240323732,2.659882943143813,4.449860158098815e-25,2.659882943143813,1.5111111545607374e-13,6.260869565217392,0.0013846731589475959,2.659882943143813,5.60925538024907e-13,2.659882943143813,0.0009729868747130974
241,6.286956521739131,0.005076689991738091,2.6709866220735785,1.9210938497936322e-25,2.6709866220735785,8.753263231526288e-14,6.286956521739131,0.0013660949063501815,2.6709866220735785,3.2431558664652667e-13,2.6709866220735785,0.0008925549698473467
242,6.31304347826087,0.005063087092088275,2.6820903010033446,8.232747452635204e-26,2.6820903010033446,5.0333380613179e-14,6.31304347826087,0.0013218191452537625,2.6820903010033446,1.8617305488518418e-13,2.6820903010033446,0.0008193147596056265
243,6.339130434782609,0.005062578039551145,2.6931939799331106,3.502151692443303e-26,2.6931939799331106,2.8731147935780496e-14,6.339130434782609,0.0012546308285563915,2.6931939799331106,1.061069649120562e-13,2.6931939799331106,0.0007526481863658034
244,6.365217391304348,0.005072534054169917,2.704297658862876,1.4788326188576758e-26,2.704297658862876,1.628017308950423e-14,6.365217391304348,0.0011697853512115208,2.704297658862876,6.00401002529209e-14,2.704297658862876,0.0006919291284022925
245,6.391304347826088,0.005090742935297098,2.7154013377926423,6.198647800068258e-27,2.7154013377926423,9.157412205157364e-15,6.391304347826088,0.0010740762843626703,2.7154013377926423,3.372891900470275e-14,2.7154013377926423,0.0006365400701799882
246,6.417391304347826,0.005114943134734587,2.7265050167224083,2.579103310882155e-27,2.7265050167224083,5.113201344565098e-15,6.417391304347826,0.0009747566713293112,2.7265050167224083,1.8811377084977755e-14,2.7265050167224083,0.000585887024202566
247,6.443478260869566,0.005142438949216365,2.737608695652174,1.0652077692172886e-27,2.737608695652174,2.834119850685026e-15,6.443478260869566,0.0008785328245576196,2.737608695652174,1.0415739828821112e-14,2.737608695652174,0.0005394121903420249
248,6.469565217391305,0.005169977158642565,2.74871237458194,4.367105592173617e-28,2.74871237458194,1.559364449778882e-15,6.469565217391305,0.0007908095215539695,2.74871237458194,5.725398915408616e-15,2.74871237458194,0.0004966039972086635
249,6.495652173913044,0.005193939344412167,2.759816053511706,1.7772430180259483e-28,2.759816053511706,8.516872765919676e-16,6.495652173913044,0.0007152868022318898,2.759816053511706,3.1243715149940824e-15,2.759816053511706,0.0004570043330137626
250,6.521739130434783,0.0052107731064972565,2.7709197324414716,7.179491318830828e-29,2.7709197324414716,4.61758510414191e-16,6.521739130434783,0.0006539148627725868,2.7709197324414716,1.692608446424777e-15,2.7709197324414716,0.000420212930865582
251,6.547826086956523,0.005217499487744861,2.7820234113712377,2.8789508222975297e-29,2.7820234113712377,2.4851411741303614e-16,6.547826086956523,0.0006071314023285104,2.7820234113712377,9.102973367787503e-16,2.7820234113712377,0.000385889017184345
252,6.573913043478261,0.005212118511987881,2.7931270903010033,1.145957505678235e-29,2.7931270903010033,1.3276631236968263e-16,6.573913043478261,0.0005742564897760732,2.7931270903010033,4.860034500262871e-16,2.7931270903010033,0.00035375045526684344
253,6.6000000000000005,0.005193784842540827,2.8042307692307693,4.52789616752664e-30,2.8042307692307693,7.040844042930585e-17,6.6000000000000005,0.0005539130606748023,2.8042307692307693,2.5758552198073594e-16,2.8042307692307693,0.0003235707142097845
254,6.62608695652174,0.00516271348502724,2.8153344481605354,1.7758982057509087e-30,2.8153344481605354,3.7064739771761736e-17,6.62608695652174,0.0005443718889482866,2.8153344481605354,1.35527231536065e-16,2.8153344481605354,0.00029517406360780955
255,6.6521739130434785,0.005119865871698315,2.826438127090301,6.9140629225469245e-31,2.826438127090301,1.9368502137064202e-17,6.6521739130434785,0.0005437722882907842,2.826438127090301,7.078675147815095e-17,2.826438127090301,0.00026842943578106985
256,6.678260869565218,0.005066530685816793,2.837541806020067,2.6720355024099726e-31,2.837541806020067,1.0046839595204296e-17,6.678260869565218,0.0005502231674202303,2.837541806020067,3.670246391482083e-17,2.837541806020067,0.00024324341061708526
257,6.704347826086957,0.005003936452526384,2.848645484949833,1.0250492846816555e-31,2.848645484949833,5.17321826063891e-18,6.704347826086957,0.0005618258082403801,2.848645484949833,1.8890960177400674e-17,2.848645484949833,0.00021955276580728065
258,6.730434782608696,0.0049330134276990515,2.8597491638795987,3.903380476719924e-32,2.8597491638795987,2.644171541715436e-18,6.730434782608696,0.0005766712595934822,2.8597491638795987,9.652201423669546e-18,2.8597491638795987,0.00019731700091277625
259,6.756521739130435,0.004854370059898727,2.8708528428093647,1.475470840493186e-32,2.8708528428093647,1.3415769007463713e-18,6.756521739130435,0.0005928536606926166,2.8708528428093647,4.895650393080797e-18,2.8708528428093647,0.00017651119177864973
260,6.782608695652175,0.004768479551873521,2.8819565217391307,5.536228092705103e-33,2.8819565217391307,6.756757012964616e-19,6.782608695652175,0.0006085163423476827,2.8819565217391307,2.4649289688248872e-18,2.8819565217391307,0.00015711946732561513
261,6.808695652173913,0.004676002981636906,2.8930602006688964,2.0620106746042753e-33,2.8930602006688964,3.3779833834886418e-19,6.808695652173913,0.000621923155192219,2.8930602006688964,1.23198915247e-18,2.8930602006688964,0.0001391293288475555
262,6.834782608695653,0.004578125820126513,2.9041638795986624,7.623623278227185e-34,2.9041638795986624,1.6763817294097013e-19,6.834782608695653,0.0006315332948221496,2.9041638795986624,6.112465677287052e-19,2.9041638795986624,0.00012252695763733054
263,6.860869565217392,0.004476770450259415,2.915267558528428,2.7978570619597917e-34,2.915267558528428,8.25817877149706e-20,6.860869565217392,0.0006360578060208321,2.915267558528428,3.0104526269431515e-19,2.915267558528428,0.00010729358460748997
264,6.886956521739131,0.0043745765601197785,2.926371237458194,1.0192557990689702e-34,2.926371237458194,4.0382329244346435e-20,6.886956521739131,0.0006344871561629289,2.926371237458194,1.4718102809713623e-19,2.926371237458194,9.340292944079703e-05
265,6.91304347826087,0.00427460940516093,2.93747491638796,3.6858225739812794e-35,2.93747491638796,1.9601710386849253e-20,6.91304347826087,0.0006260946100366681,2.93747491638796,7.142915297117006e-20,2.93747491638796,8.081965972327021e-05
266,6.9391304347826095,0.004179843946720671,2.9485785953177257,1.3230590329194134e-35,2.9485785953177257,9.444781212045206e-21,6.9391304347826095,0.0006104317028724451,2.9485785953177257,3.441136178059213e-20,2.9485785953177257,6.94987745625025e-05
267,6.965217391304348,0.004092551871849394,2.9596822742474918,4.714303916543439e-36,2.9596822742474918,4.51736306867592e-21,6.965217391304348,0.0005873345641755709,2.9596822742474918,1.6456218916032105e-20,2.9596822742474918,5.938578349566655e-05
268,6.9913043478260875,0.004013759711524468,2.970785953177258,1.6674371963483408e-36,2.970785953177258,2.144732336293524e-21,6.9913043478260875,0.0005569523112082569,2.970785953177258,7.811947479692328e-21,2.970785953177258,5.041753024723063e-05
269,7.017391304347827,0.00394293308062835,2.9818896321070234,5.85429960437516e-37,2.9818896321070234,1.0107786751594398e-21,7.017391304347827,0.0005197947279088872,2.9818896321070234,3.681195925108055e-21,2.9818896321070234,4.2523501496770305e-05
270,7.043478260869565,0.0038779781699673135,2.9929933110367894,2.04029963140391e-37,2.9929933110367894,4.728613132900966e-22,7.043478260869565,0.0004767821713672789,2.9929933110367894,1.7219410192529636e-21,2.9929933110367894,3.5627461991079286e-05
271,7.069565217391305,0.0038155606524371854,3.0040969899665555,7.058403837664472e-38,3.0040969899665555,2.1958674693687063e-22,7.069565217391305,0.0004292723406519611,3.0040969899665555,7.995520730833353e-22,3.0040969899665555,2.964926732670049e-05
272,7.095652173913044,0.0037516579241570294,3.015200668896321,2.4238882622280695e-38,3.015200668896321,1.0122155145317779e-22,7.095652173913044,0.00037903992787746596,3.015200668896321,3.685308541996926e-22,3.015200668896321,2.450672248929867e-05
273,7.121739130434783,0.0036822122190113054,3.026304347826087,8.262514383840748e-39,3.026304347826087,4.6316345400796396e-23,7.121739130434783,0.0003281959704718316,3.026304347826087,1.6861612181596052e-22,3.026304347826087,2.0117375605864002e-05
274,7.147826086956522,0.0036037514329868435,3.0374080267558528,2.7957954839106196e-39,3.0374080267558528,2.1037296251858575e-23,7.147826086956522,0.0002790498132712258,3.0374080267558528,7.658117923861308e-23,3.0374080267558528,1.6400160242432278e-05
275,7.173913043478262,0.003513882043707713,3.048511705685619,9.390573259730128e-40,3.048511705685619,9.485054458749376e-24,7.173913043478262,0.00023393177953438788,3.048511705685619,3.452568646654465e-23,3.048511705685619,1.3276824055958883e-05
276,7.2,0.003411610340006788,3.059615384615385,3.1309226984532045e-40,3.059615384615385,4.245060964597568e-24,7.2,0.00019500335883776532,3.059615384615385,1.5451105561990117e-23,3.059615384615385,1.0673105071783091e-05
277,7.22608695652174,0.0032974892866485046,3.0707190635451505,1.0362060352546753e-40,3.0707190635451505,1.8859152311261146e-24,7.22608695652174,0.00016408137989590692,3.0707190635451505,6.863939386244207e-24,3.0707190635451505,8.51963805326572e-06
278,7.252173913043479,0.0031736054966177533,3.0818227424749165,3.4041870920359793e-41,3.0818227424749165,8.316765957367768e-25,7.252173913043479,0.00014249474123244666,3.0818227424749165,3.0267996196270495e-24,3.0818227424749165,6.7525914860782635e-06
279,7.278260869565218,0.0030434176249775485,3.0929264214046825,1.1101310588763383e-41,3.0929264214046825,3.640665814908344e-25,7.278260869565218,0.00013098155238618027,3.0929264214046825,1.3249210132394653e-24,3.0929264214046825,5.314050118878626e-06
280,7.304347826086957,0.002911449753954928,3.104030100334448,3.593590731838989e-42,3.104030100334448,1.5819805068630062e-25,7.304347826086957,0.00012962661588755903,3.104030100334448,5.756945946890178e-25,3.104030100334448,4.1521686260890614e-06
281,7.330434782608696,0.0027828474205233503,3.115133779264214,1.154719508123799e-42,3.115133779264214,6.82362847867144e-26,7.330434782608696,0.0001378377783335812,3.115133779264214,2.483075611783114e-25,3.115133779264214,3.2211289125032187e-06
282,7.356521739130435,0.0026628260966252894,3.1262374581939802,3.683137376145789e-43,3.1262374581939802,2.9216185460567523e-26,7.356521739130435,0.0001543646829356057,3.1262374581939802,1.06312215464232e-25,3.1262374581939802,2.4809372067990336e-06
283,7.382608695652174,0.002556074311080863,3.137341137123746,1.1661458150079186e-43,3.137341137123746,1.2417252472176304e-26,7.382608695652174,0.00017737077703461164,3.137341137123746,4.518264443643245e-26,3.137341137123746,1.8970978835541949e-06
284,7.408695652173914,0.0024661991819581093,3.148444816053512,3.665061976677452e-44,3.148444816053512,5.238673565069176e-27,7.408695652173914,0.0002045728180659668,3.148444816053512,1.9061418352976878e-26,3.148444816053512,1.440199484758353e-06
285,7.434782608695652,0.0023953051734580014,3.1595484949832775,1.1434134905842915e-44,3.1595484949832775,2.1938703630316184e-27,7.434782608695652,0.00023345621322564184,3.1595484949832775,7.982404371175622e-27,3.1595484949832775,1.0854452788264735e-06
286,7.460869565217392,0.002343772387646211,3.1706521739130435,3.5409420898361035e-45,3.1706521739130435,9.119989895477323e-28,7.460869565217392,0.0002615577843687019,3.1706521739130435,3.318234282661644e-27,3.1706521739130435,8.121564696833693e-07
287,7.486956521739131,0.0023102572160559024,3.1817558528428096,1.0884985606766716e-45,3.1817558528428096,3.76332305459961e-28,7.486956521739131,0.0002867837536975388,3.1817558528428096,1.369225746894034e-27,3.1817558528428096,6.032713624926987e-07
288,7.513043478260871,0.002291892824097937,3.192859531772575,3.32147062744274e-46,3.192859531772575,1.541495890672856e-28,7.513043478260871,0.0003077082058783365,3.192859531772575,5.608382790391039e-28,3.192859531772575,4.448588352842416e-07
289,7.539130434782609,0.00228463593108217,3.2039632107023412,1.006066052728728e-46,3.2039632107023412,6.267681923130909e-29,7.539130434782609,0.0003237858605843925,3.2039632107023412,2.2803143463095485e-28,3.2039632107023412,3.256596927627538e-07
290,7.565217391304349,0.002283696955861839,3.2150668896321073,3.0249353352777884e-47,3.2150668896321073,2.5296778304469675e-29,7.565217391304349,0.00033542003803458233,3.2150668896321073,9.203355156339454e-29,3.2150668896321073,2.3666513092409289e-07
291,7.591304347826088,0.0022839990328620925,3.226170568561873,9.028159351185394e-48,3.226170568561873,1.013484600054828e-29,7.591304347826088,0.00034385357170775305,3.226170568561873,3.68715973751933e-29,3.226170568561873,1.707377714394235e-07
292,7.6173913043478265,0.0022806270493848607,3.237274247491639,2.6747048016316695e-48,3.237274247491639,4.03053550885907e-30,7.6173913043478265,0.00035089112755939,3.237274247491639,1.4663308062746104e-29,3.237274247491639,1.222776090578937e-07
293,7.643478260869566,0.0022692404707178922,3.248377926421405,7.865856495362835e-49,3.248377926421405,1.5911165551708565e-30,7.643478260869566,0.0003585041646623089,3.248377926421405,5.788501266152051e-30,3.248377926421405,8.693276724202789e-08
294,7.669565217391305,0.0022464288743308503,3.2594816053511706,2.296199934748678e-49,3.2594816053511706,6.234977212491605e-31,7.669565217391305,0.00036840112160222967,3.2594816053511706,2.268268248119463e-30,3.2594816053511706,6.135314381289388e-08
295,7.695652173913044,0.0022099889648372465,3.2705852842809366,6.653756466274672e-50,3.2705852842809366,2.4252771161947427e-31,7.695652173913044,0.0003816550818845171,3.2705852842809366,8.823009485235112e-31,3.2705852842809366,4.2983784567847943e-08
296,7.721739130434783,0.002159101759450588,3.2816889632107022,1.9138928569021659e-50,3.2816889632107022,9.364432852441065e-32,7.721739130434783,0.00039846604436651994,3.2816889632107022,3.406693647291677e-31,3.2816889632107022,2.989406504021893e-08
297,7.747826086956523,0.002094392747946431,3.2927926421404683,5.464643828180871e-51,3.2927926421404683,3.589179630611983e-32,7.747826086956523,0.00041810020773316446,3.2927926421404683,1.3056999026577685e-31,3.2927926421404683,2.0638397585935862e-08
298,7.773913043478261,0.002017866632742197,3.3038963210702343,1.548815261322196e-51,3.3038963210702343,1.3655339570455772e-32,7.773913043478261,0.0004390058470008398,3.3038963210702343,4.967610979222988e-32,3.3038963210702343,1.4144122474775485e-08
299,7.800000000000001,0.0019327193643473325,3.315,4.357434788904653e-52,3.315,5.157074464789978e-33,7.800000000000001,0.00045906771419977464,3.315,1.876055417517865e-32,3.315,9.622404173970663e-09
