,slopes,intercepts,rvals
0,0.5014010139499631,1.542608923172554,0.9999969388312175
1,0.5006648369768223,-0.12362252809108343,0.9999989649919959
2,0.5007038518867605,-0.04529383502262263,0.9999990542796982
3,0.5015818280130168,1.2000961511113433,0.9999976314367243
4,0.5008602365618684,2.1611885013323815,0.9999943780367639
5,0.5015103955104822,1.545795189613913,0.9999963751993907
6,0.501734189665465,1.1790887895259985,0.9999974377100903
7,0.5005984429310203,-0.08692145510377536,0.99999921456398
8,0.5013128917145637,1.7714891203670668,0.9999953611258565
9,0.5013694136912642,0.30995381340916284,0.999997537435255
10,0.5009810414498217,2.0955126192626,0.9999939622418103
11,0.5011797637096249,1.9064451350717824,0.9999948409911261
12,0.5010419435893954,1.7906036312978877,0.9999968372337706
13,0.5012620663722552,0.8425865935777175,0.9999988042036718
14,0.5015529654520356,0.787565246900499,0.9999981101796396
15,0.5005809653135985,-0.12660315194841676,0.9999993571829017
16,0.5011342687527426,0.14178468383704113,0.9999980670686596
17,0.5005971624305628,-0.20590107761916432,0.9999992254873937
18,0.5012497259878943,0.488231662441851,0.9999983258633638
19,0.5004484008209714,2.585852658606851,0.9999925668712348
20,0.5004262934720156,-0.17368291245122025,0.9999964246130325
21,0.5016815119134662,0.9109870723100726,0.9999978915595141
22,0.5005961984707704,-0.22046190930839238,0.9999991247800764
23,0.5015193208812829,0.4340936712996033,0.9999973800318637
24,0.5016121711822765,0.9825669802141075,0.999997993031795
25,0.500755174004819,2.1042256090128357,0.9999965000194513
26,0.5014620381533607,1.161399805149118,0.9999983021643463
27,0.500903914664178,0.10907848736047088,0.999998725936731
28,0.5016675261482306,1.2038399505692023,0.9999975860516105
29,0.5015387505241014,0.8096080299717703,0.999998167708904
30,0.5003291922227131,2.682020602487733,0.9999924218214514
31,0.501318597950561,1.7603328957198263,0.9999953825676711
32,0.500544067312755,2.5097515756879782,0.9999927825124454
33,0.501340355700623,1.692404488898,0.9999958764595819
34,0.5012046659463192,0.653597964026313,0.99999871730535
35,0.5011108375208495,1.258625042099729,0.9999987597256188
36,0.5014541720927462,1.485693643308446,0.9999969076488034
37,0.5017020319136306,1.2401569005545934,0.9999972498305632
38,0.5007188342331179,2.3400555391939744,0.9999931477827223
39,0.5006870077915957,-0.09365386724885516,0.9999991507728051
40,0.5003213651887422,2.7104640227600045,0.9999924249356311
41,0.5009687163111255,0.15823050331814192,0.9999985077854451
42,0.5012296825253044,0.27254637482383437,0.9999980576624039
43,0.5011164583943024,0.7308175120337332,0.9999989393069463
44,0.5017421531705286,0.731249156885557,0.9999975096358484
45,0.5010441616861226,0.09852096250181397,0.9999981022465216
46,0.5013713461129937,1.7065036367339221,0.9999956055228305
47,0.501351654985526,1.7273026727538672,0.9999955318939415
48,0.5003462971726188,2.6693097179935767,0.9999927749585458
49,0.5004962234812875,2.545600938640149,0.999992793388123
50,0.5013189225216764,1.7704302881552945,0.9999955115349934
51,0.5005242487453233,2.403562975179457,0.9999952102414343
52,0.5010033716756667,2.0576124265993054,0.9999944602468622
53,0.5004020381979786,2.6078934870777672,0.9999930121162037
54,0.5009183835712855,2.035461998353095,0.999995396165817
55,0.5014261794331799,1.6419282370227455,0.9999958751196789
56,0.5015305958920929,1.5175366839691837,0.9999963472976744
57,0.501712193012034,1.2534519073510828,0.999997264399446
58,0.5017661159068297,1.0699529137397517,0.9999975110453689
59,0.5016570872117747,1.3454042649015632,0.9999970897406212
60,0.5012783244298522,1.8052091751909458,0.9999952094168902
61,0.5013273167138771,1.7524985698855597,0.9999953965008948
62,0.5014308979226999,1.3706696739747373,0.9999976771698237
63,0.5016179042091681,0.5673977438044009,0.9999974959285493
64,0.5007979166923507,2.268821957008446,0.9999934855690388
65,0.5010699951226424,1.9728910728819637,0.9999948808808565
66,0.5013720463287702,0.8589151184630941,0.9999985853776117
67,0.5009343913648415,0.16794437012488928,0.9999986574882321
68,0.5007439507713461,0.06471173856312662,0.9999990646041824
69,0.5009779111502076,2.103033658927989,0.9999939658837197
70,0.5005624600574559,-0.18883704402024115,0.9999993619966743
71,0.5012482032045762,0.3521633062328098,0.9999980074183288
72,0.5008868717666527,2.1983106235969427,0.9999937123228072
73,0.5004768143893211,-0.17713375546049104,0.9999992170676808
74,0.5006959417171017,0.0008583025755406481,0.9999990981170531
75,0.5008542593452605,2.199574534427542,0.9999937068682869
76,0.5017281637679326,1.2336400899295912,0.9999973636931264
77,0.5010562468834033,0.23501163566193162,0.9999984606989307
78,0.5009423092121491,2.0380860903358857,0.999995246040387
79,0.5009895023867088,0.09617053028632228,0.9999983016465441
80,0.5009954169079567,0.12255666828913636,0.9999983850414146
81,0.501166017664531,1.9187672872352786,0.99999470563517
82,0.500842513298675,2.055982168878427,0.9999962519242344
83,0.5017169043549686,1.2471664385511674,0.9999972881436346
84,0.5004040942394724,2.6102359739468146,0.9999930645287365
85,0.5013043541072116,1.4417476311416708,0.9999976479077669
86,0.5017849573224967,0.9774287972920752,0.9999976427361538
87,0.5015014558755725,0.41522655656110574,0.9999974151128812
88,0.5014434666840738,0.627883734377404,0.9999981365997819
89,0.5012739405291381,1.6661458621335785,0.9999965396387949
90,0.5016145253644317,0.5826891148620463,0.9999975358342988
91,0.5015166669048611,0.45503544771626014,0.9999974604024943
92,0.5008790513949956,-0.010719742147745848,0.9999986080678024
93,0.5015469368316082,0.976900684429205,0.9999981814316331
94,0.5013095759581382,1.756137291894785,0.9999953609788967
95,0.5006844569702685,-0.12519009004698045,0.9999991411380579
96,0.5016303300921979,1.3328122754339309,0.9999972428844478
97,0.5008539170338548,0.25122251545973295,0.9999989653933047
98,0.5014994610112572,0.47864744598924913,0.9999975259195936
99,0.5009675917262174,2.104283534787874,0.9999941336614808
100,0.5013355522418176,1.7446712505595157,0.9999954484421008
101,0.5015623253746658,1.476765232165559,0.9999965443043684
102,0.500737257715279,0.002054404233869711,0.9999989565196864
103,0.5009919988883411,2.084777898965645,0.9999940021346886
104,0.5008921800184244,2.171192278138643,0.9999938852536365
105,0.5010795476531115,2.008520071688493,0.9999944871681586
106,0.500901879933094,0.044313469280459206,0.9999985244764159
107,0.5007567654196541,0.13341489971447595,0.99999892323583
108,0.5011634799174206,0.25431723762614133,0.9999980483593102
109,0.5011669568778394,1.9259551097964902,0.9999947318396499
110,0.5010443287799511,0.39551546559336925,0.999998707505465
111,0.5010946050367833,0.1697073945318608,0.9999981873914014
112,0.5009628542430214,2.1230495364844892,0.9999939428464834
113,0.5012591135807584,1.824470172185622,0.9999950769276085
114,0.5003543450640205,2.6588167659361575,0.9999925661681301
115,0.5004491479555192,2.5788974667273625,0.9999927712490779
116,0.5004261747382999,2.587021784897461,0.999993472275248
117,0.5007649956880184,2.29994374946762,0.9999932755794753
118,0.5014328703969783,1.6250202554261213,0.9999958946660479
119,0.5013197216747798,1.7714539681769184,0.9999954236103871
120,0.5012422219997251,1.824285737293184,0.9999952057632179
121,0.5007821830133835,2.2680149054297813,0.9999936201736096
122,0.501405423050497,0.5427801676526336,0.9999980538273627
123,0.5015867013110509,0.8405016000821002,0.9999980851166193
124,0.5007246270691239,2.3392703095627385,0.9999931779965314
125,0.5017064501811145,0.6448166918829168,0.9999974222781265
126,0.5008252074624854,2.2398989017172024,0.9999934387625261
127,0.5002976189577931,2.6866732444290227,0.9999941733271179
128,0.5003659489919422,2.6452354746464395,0.9999930145202407
129,0.5015929649930945,0.8437337296931062,0.9999980788305344
130,0.5007274721567411,1.9934646531576092,0.9999976234963073
131,0.5012891937971126,1.753953466427356,0.999995482531121
132,0.5012717361621963,1.7822463087921099,0.9999956797974087
133,0.5005699647930829,2.4436298261821645,0.9999926618682504
134,0.5009286682008137,0.07775244504703993,0.9999984912579573
135,0.5009326682384435,0.019032419186581162,0.9999986027406255
136,0.5009112560199663,0.12149445355616662,0.9999987029196914
137,0.5005160934893276,2.4351937179746486,0.999994832778658
138,0.5009949380013082,2.092575136301767,0.9999942128695734
139,0.5016220599122556,1.4099553160504317,0.9999968397077553
140,0.5016909856453501,0.6956754859632572,0.9999975725984115
141,0.5011095463745565,1.9689131671631257,0.9999944439048992
142,0.5012166328739611,0.22159284755948816,0.9999977992504396
143,0.5004595643307024,2.565175361562874,0.9999925167269015
144,0.5016866592676837,1.1186180864794095,0.9999977081538027
145,0.5011186096980266,0.455468580413406,0.9999986851675652
146,0.5012983606768889,0.8883958129562055,0.9999987084608859
147,0.5013731382697005,0.45604347503861,0.9999978922248127
148,0.5009261870272625,2.1192551894312825,0.9999942295082375
149,0.5011994364224702,1.8885958375816272,0.999994865329635
150,0.5015939572547423,0.9675915193027977,0.9999981031235757
151,0.5016869779569861,0.9983344026081178,0.9999978255217279
152,0.5015959405412322,0.809082032141037,0.9999980588598328
153,0.5014943953351648,0.6937641961178675,0.9999980592518464
154,0.5014024324662687,0.3870645220615998,0.9999975076967557
155,0.501560258720712,1.48288826589173,0.9999965258099603
156,0.5006613234417808,2.455976998164976,0.9999931460894776
157,0.5017761541761575,0.9467780481370971,0.9999976745015842
158,0.5011838501909912,0.18502456189249328,0.9999978669985974
159,0.5017139561873083,0.664042327420288,0.9999974758446364
160,0.5017510403051095,1.1215734286162666,0.9999974413095115
161,0.5012178619705413,0.20557997891485913,0.9999980269841079
162,0.5012037792517167,0.40217012278333764,0.9999983230990668
163,0.5005159947142774,-0.20995268603494122,0.9999993815643426
164,0.5014438391040277,0.36618974240736035,0.9999975807553083
165,0.5008626347195398,2.2155817996620857,0.9999936181389378
166,0.5007965243142177,2.2670797916018484,0.9999933563566926
167,0.5011588165382832,0.33651900880239305,0.9999982710094305
168,0.5014843583001134,0.958964984845017,0.9999983136146471
169,0.500875137513508,2.1984216805049495,0.9999936148849925
170,0.5010280055468754,1.7895620233193403,0.9999968213114979
171,0.5007848731789812,1.9391748653884124,0.9999974170531438
172,0.500330269322387,2.684181515026083,0.9999924360997356
173,0.5008897490384275,0.03358703927864548,0.9999987821998879
174,0.5016869505936099,0.6652013690914473,0.9999975257936086
175,0.5015221389347152,0.5288694842587174,0.9999977164226428
176,0.5013653150338437,0.5105019129069763,0.9999980836554674
177,0.5009927341934901,1.9321670712828105,0.999996043990868
178,0.500446849410915,2.5832241992727214,0.9999925742178727
179,0.5008220804353543,-0.01933455357111802,0.999998769555332
180,0.5009445910548552,2.1226439129622934,0.9999938299411464
181,0.5008664693586703,0.025992462486726264,0.9999984093600556
182,0.5011407261181913,1.9472364671819626,0.9999946165478656
183,0.5004145072702072,2.605604242221987,0.9999924528425759
184,0.5015632231378021,0.5025796630887736,0.999997445266679
185,0.501296997737136,0.26523288409836177,0.9999977029143592
186,0.5007750397456898,0.054964469243244274,0.9999990133945197
187,0.5016798763021003,0.864638411136343,0.9999978887804069
188,0.5015837873426123,1.4086972784484462,0.9999968092051962
189,0.5010571043883499,2.0280884980326173,0.9999942944377657
190,0.5011858513465564,1.7391492791537195,0.9999963483281477
191,0.5008277508175574,-0.04507817201574049,0.9999987842027291
192,0.5016519400964369,1.0621009358262432,0.9999978990501736
193,0.5014617044545534,0.7577618420346615,0.9999982650910139
194,0.5004998664842911,-0.23207302281031295,0.9999994173000785
195,0.500953299930019,2.1194652134062384,0.9999939327857105
196,0.5012251704980131,0.4303174658964126,0.9999982677617064
197,0.5016543735530036,0.9251170744755259,0.9999979527535819
198,0.5014073929947276,1.6322993619663828,0.999996145731825
199,0.5011646249027686,1.932169189729113,0.9999947485442797
200,0.501476061999296,0.4199231281102924,0.9999975644641973
201,0.501268291505024,0.7542258825636905,0.9999987155863577
202,0.5006321494362699,-0.11489324197776796,0.9999990993020895
203,0.5016909534862264,0.6548561210498236,0.9999975130613686
204,0.5014599849768602,0.4603893810552959,0.9999976760267301
205,0.5007755928922598,-0.04094550551067444,0.999998958713116
206,0.5008949526820453,2.1771495089061697,0.9999936788309178
207,0.5014592636120278,0.9189691292603999,0.9999984431150244
208,0.5007128346273264,-0.05202902704336143,0.9999989317016249
209,0.5007219067511413,2.3378166526042503,0.9999931838372056
210,0.5012178770039071,1.8687630450669452,0.9999949520512601
211,0.5005285403710374,2.323468553967159,0.9999965176136416
212,0.5010783081351934,2.0076854894964837,0.9999943603714042
213,0.5016853646263186,1.050549991631721,0.9999977721679097
214,0.5010763037524214,0.2518380688027544,0.9999983547134524
215,0.5016755149087491,1.0007964211389089,0.9999979018918314
216,0.5007447128408257,2.2112496014017005,0.9999951358750232
217,0.5006341007914428,-0.0712172254475929,0.9999991200574643
218,0.5005244011734655,-0.1801273226567397,0.9999991383597746
219,0.5014878142115407,0.5831920911810573,0.999997842972161
220,0.5015678778257355,1.3352201875465366,0.999997458344318
221,0.5008038315856442,-0.042695886931443994,0.9999987774408144
222,0.5008817067277462,2.191552924745994,0.9999936386486225
223,0.5005514710466731,2.4923563492282343,0.9999927482949778
224,0.5007309491109974,2.337052450608746,0.9999932186257757
225,0.5004180840404232,2.6207017926642355,0.9999925430089868
226,0.5017046629651478,1.2269500303650842,0.999997414296906
227,0.5012911509549556,1.7932654499996041,0.9999952761978786
228,0.500872760143589,2.192932841583204,0.9999937062438675
229,0.5011816508843852,0.2028605756054822,0.9999979535846755
230,0.5017083477409623,1.232161708665687,0.9999973653002567
231,0.5013739354241935,0.5564773856545049,0.9999981029378017
232,0.5017259436895175,1.1723977703752215,0.9999975066998471
233,0.5011646228851522,0.23534987487490522,0.999998093164378
234,0.5010445353650413,2.046681810026703,0.9999942324231594
235,0.5010107877766768,2.0680658347870278,0.9999940901787789
236,0.5010737505496875,1.7901515160491561,0.9999965804681263
237,0.5006537101800269,-0.10165407981740238,0.9999990989346278
238,0.5015365801986797,1.49300885375377,0.9999963864182712
239,0.5009893606146033,1.9226693562248856,0.9999961141244951
240,0.5017788402194167,0.9452690083066035,0.9999976406171588
241,0.5005336221281392,2.504289025351643,0.999992688913523
242,0.5017464824693277,0.901706628880182,0.9999977213882524
243,0.5005084008712357,-0.2321620480446125,0.9999994592229606
244,0.5003921870831634,2.636081936031763,0.9999924662502393
245,0.5015905570523398,0.6145631920634602,0.9999976591025406
246,0.5012240284625525,0.7477307738712202,0.9999987873132011
247,0.5007155741703347,-0.06630913555893914,0.9999988096197299
248,0.5006104872859211,-0.15332316621320619,0.9999991493323226
249,0.5005542578986579,2.4763058820837096,0.9999929890425827
250,0.5002959375168533,2.707506608412125,0.9999922647729838
251,0.5014280873220256,1.638020298326802,0.9999958714232131
252,0.5017379274438345,0.7394054375739367,0.9999975045058108
253,0.5011472317165787,0.29163873953892994,0.9999981832202329
254,0.5008939560287924,0.054665484262076625,0.9999987117249692
255,0.5011979675042659,0.46042181037136487,0.999998434738796
256,0.5003763562685979,2.549670855092373,0.9999953737346068
257,0.5013707516265041,1.1231206458651162,0.9999985131854787
258,0.500282081856491,2.7200037054619637,0.9999922535812854
259,0.5017805967174614,1.0712855979127722,0.999997562430071
260,0.5008470137673714,0.1458553406796872,0.9999988508646696
261,0.5014271396237086,0.3733157447935267,0.9999975270041768
262,0.5017153249579003,1.1181100958968537,0.9999976209166309
263,0.5015747800220719,1.336990387862539,0.999997208688449
264,0.5006362745021962,-0.16174788164848364,0.9999991745046652
265,0.5011370191830258,0.28752461396695894,0.9999982930141781
266,0.5009351293428482,2.1463316190879382,0.9999938336741724
267,0.500815861632593,0.07700717494933773,0.9999988834939919
268,0.5015811532918629,0.7939172239030516,0.9999980009214771
269,0.5012328620335242,1.1775069371295777,0.9999987166851696
270,0.5010444718172841,2.038484892596464,0.9999942383663983
271,0.5006960491297879,2.363893041837965,0.99999311350771
272,0.5017643134727395,0.9286727628575262,0.9999976512375606
273,0.5011442368091393,0.44687433577481217,0.9999985517860598
274,0.5017132742333087,1.1816387791794485,0.9999975007442422
275,0.5010274926662183,0.08785983461618363,0.999998366775512
276,0.5006396229971624,2.420281997898832,0.9999929943594361
277,0.5005668394401915,-0.21755790651387752,0.9999993376564479
278,0.5017497715017286,1.1376572169906183,0.9999974812825559
279,0.5007334145676198,-0.045577457521522646,0.9999989179426759
280,0.5007991382669219,2.2736392399241976,0.9999934028217147
281,0.5009891400572467,2.0597980850547963,0.9999945797233224
282,0.5011023913435649,0.27816063504254895,0.9999983068411267
283,0.5017571701667187,0.8894827990785048,0.9999976470582649
284,0.5016790813499957,0.8704067759156686,0.9999978536498327
285,0.5006725267512927,2.3855333865663035,0.9999931822011147
286,0.5016293090768903,0.5613384175225251,0.9999973641359999
287,0.5003464666130838,2.6769603920892187,0.9999924480626865
288,0.5013416581005601,1.726432793499515,0.9999954470348874
289,0.5007515053452546,0.020097352402051794,0.9999991114187198
290,0.5017572837775495,1.0189927702884725,0.9999975462054252
291,0.5015095883246716,0.4496727349779803,0.9999974433990159
292,0.5012351272085321,1.2508943405953175,0.9999985320386545
293,0.5011740422732072,0.22440981840425245,0.9999980411255062
294,0.5011535520316236,1.398801909787998,0.9999982775940733
295,0.5005128384946732,2.5141271872183504,0.9999926015242281
296,0.5017735120535598,0.9149644575282245,0.999997656164317
297,0.5004417563519032,-0.18881263886338262,0.9999993947483556
298,0.5016443322874314,0.7180147131020798,0.9999977019294672
299,0.5016854264384492,1.2415036942775144,0.9999971607889668
300,0.5015839211829088,0.7765585208131687,0.9999978199358295
301,0.5013259621409111,0.5513141983326499,0.9999982559714822
302,0.5011793868207237,1.906748056634274,0.9999947561874005
303,0.5011639209058119,0.311060020268207,0.9999982428371418
304,0.5007722186220687,-0.039794077583358956,0.9999989543324935
305,0.5015175409396336,1.5301288759844365,0.9999963325715547
306,0.5017520668721187,0.9230472786492046,0.9999977257059672
307,0.5016765107504463,0.7051502884588317,0.9999976253503049
308,0.5007192850568504,-0.10479625974974827,0.9999989333045064
309,0.5014225951689786,1.428160185031968,0.9999974539621703
310,0.5014810861215886,1.4582767396387748,0.9999970892422004
311,0.5012697081278827,0.36677188305867636,0.9999980667649245
312,0.5009254557386672,0.07526507663207571,0.9999986977975011
313,0.5014669465007231,1.5951935033066018,0.9999960506759539
314,0.5017751211224359,0.8403068296365581,0.9999976297352768
315,0.5006553974130051,-0.011848690422580077,0.9999991408422939
316,0.5015125012729498,1.5427229766496016,0.9999962793053792
317,0.5014647187286817,1.1534184023585556,0.9999981887909336
318,0.5016683880410542,0.7072616848011641,0.9999971736708979
319,0.5011939356416842,1.8713610470213262,0.9999949956042772
320,0.5013530220168958,1.3712339842500225,0.9999980032486576
321,0.5009184029945115,2.1660546337532747,0.9999938020074035
322,0.5012073338989822,1.3895205688638637,0.9999983148409239
323,0.5017564185173904,0.8152972156725689,0.9999976051350026
324,0.5007180465347573,2.34957907995548,0.9999931858836982
325,0.5010004505642772,2.071233153463671,0.9999941420397718
326,0.5011226535888936,1.9538612917072378,0.9999947388747829
327,0.5006702176920286,2.3727887550197915,0.9999929603555494
328,0.5015805445726661,1.3890723745408362,0.9999969495559932
329,0.501747904135522,1.178430310771633,0.9999974603302838
330,0.5016047931157595,0.5292557400740181,0.9999974000437951
331,0.5003171012995552,2.6978434443796915,0.99999233896185
332,0.5004865418490065,-0.22087277025827623,0.9999994231178794
333,0.5005754095186122,-0.19208797940491662,0.9999992309676382
334,0.5016003791164012,0.5557085774295425,0.999997484803578
335,0.5006423999963964,2.2137047165303563,0.9999966115805095
336,0.5005698693515367,2.47917432909778,0.9999928176755388
337,0.5017388567846289,0.9129834662894178,0.9999977875333568
338,0.5013562247394381,1.6331973738997756,0.9999962716735301
339,0.5008299150986959,2.2377664562542594,0.9999934617007209
340,0.501311095105379,1.7804921033159626,0.9999953610993015
341,0.5015758593768067,0.5155078631981915,0.9999974420382002
342,0.5007746919325862,2.1868360361535384,0.9999948538834911
343,0.5015980884373598,0.603111788220843,0.9999976049152144
344,0.5016478011005177,0.9676022693664859,0.9999980127601893
345,0.5012466370046333,0.3102692467514734,0.9999980268556271
346,0.5017572472403005,0.859794883545367,0.9999976759386622
347,0.5016111648700586,0.6097163257773364,0.9999975645110847
348,0.5016721127647796,1.320695656652243,0.9999970672244408
349,0.5007047477381152,2.3584408886396186,0.9999932139476223
350,0.5006533682755713,2.347971556876001,0.9999945512635596
351,0.501063339354213,0.14883203860486738,0.9999981960427226
352,0.50175863737428,1.0681765583486595,0.9999975006965881
353,0.5010973064793622,1.9891904651305992,0.9999944170469668
354,0.5009035569675371,0.18825351776783084,0.9999988256663136
355,0.5009131384983386,0.16477410972221174,0.9999987550182086
356,0.5013947802667057,1.6838308190202875,0.9999957449840603
357,0.5012788493380382,1.7481396183293634,0.9999956666471802
358,0.5005512674569444,2.496663187764408,0.9999927637439378
359,0.500815669788916,2.2399083864213742,0.999993361291918
360,0.5016770438918255,1.3143907965944006,0.9999971241884241
361,0.5015711040891425,1.4586709583119641,0.9999966052959697
362,0.5017662455824705,1.0455603660737118,0.9999976729917383
363,0.5004554106629275,-0.22359954994394826,0.9999994172461185
364,0.50173991760292,0.770610060556395,0.9999975432073699
365,0.5013395758095931,1.7296263351108943,0.9999955992346666
366,0.5004940575338458,2.5299474244710805,0.9999931135163884
367,0.5011907625633335,0.43408812775292516,0.9999984356095534
368,0.50076953149632,2.2995561299519074,0.9999933535570861
369,0.5011705261486167,0.39601499489172465,0.9999983144226566
370,0.5005772284144019,2.475474024889607,0.9999928235685444
371,0.5011047610919634,1.9739250276096194,0.9999944257119049
372,0.5005035861685181,2.502547744918124,0.9999934464134957
373,0.5007779599234873,2.278747814533648,0.999993272928462
374,0.5009329624983074,0.0623860063570052,0.9999986240655512
375,0.5013967637625342,1.6837630143208,0.9999957508133188
376,0.5007022456599968,2.0801804506552597,0.9999972320085325
377,0.5011047683422742,0.17851329511551528,0.9999979708041623
378,0.5017318343280783,1.1640765299189728,0.9999974399772545
379,0.5016919301051134,0.6967415277691487,0.9999975880365884
380,0.5016086705097456,1.3754224107034827,0.9999970418249914
381,0.5008627906117918,0.08647634048805797,0.9999987849025922
382,0.5011452645381967,1.9348447240890696,0.9999945953735175
383,0.5017889549406153,1.0069483042332643,0.9999976261914412
384,0.5012843914506967,1.7683155622501094,0.9999955159876318
385,0.5007480050316306,2.3143906781946484,0.999993222456154
386,0.5014469044482142,1.6223123957542844,0.9999959627072216
387,0.5010799605545855,1.8863085647658453,0.9999958957082576
388,0.5002232965740668,2.72484206147708,0.9999950839647335
389,0.5017051343948536,1.243250776643701,0.9999972294638053
390,0.5012974791950858,1.7967663942236598,0.9999952862115368
391,0.5012335283338547,1.8342511944479547,0.9999953919578694
392,0.5011345850103366,1.5921049752612908,0.9999977370343077
393,0.5016017324729515,1.305037026828233,0.9999974128588728
394,0.5008287263323513,0.026310659154245908,0.9999987466665667
395,0.5017443452160703,0.7559785596643445,0.9999975959147133
396,0.5009474862712868,0.19061094000714807,0.9999984351343638
397,0.5007693145718514,2.2905579396926488,0.9999932773809901
398,0.5010665141711015,0.14543926439593502,0.9999982201438087
399,0.5004281047310908,2.602681252032947,0.9999925169702559
400,0.5010094796347386,0.12590004729491433,0.9999983502358278
401,0.5013951867840402,0.3552738214226454,0.9999975897499215
402,0.5016544262212566,1.3257037419897655,0.9999969880603137
403,0.5018049745172385,0.9669774541316487,0.999997665432247
404,0.5013371189839513,0.3072146828005389,0.9999975794034834
405,0.5014675432338548,0.4974941777018249,0.9999976998031972
406,0.5014265041498966,1.0711332874616843,0.9999984469786495
407,0.500381284004697,2.5395218609469743,0.9999956607170336
408,0.5007014144316407,-0.1117090696724179,0.9999989783050991
409,0.5006901261281302,2.3641228627360764,0.999993130339088
410,0.5012293241061742,1.8408582528109503,0.9999949142340907
411,0.5013184003017932,1.7653721696487437,0.9999953523659088
412,0.501091560434623,0.1477533698725586,0.9999981402439508
413,0.501248245194491,1.7395717472640788,0.9999960486358912
414,0.5015881972722812,1.415147705463022,0.999996914928701
415,0.5016910634929799,0.6970672910719378,0.9999975671254162
416,0.501254561100563,0.4796685301237078,0.9999983746931639
417,0.5009431104576302,2.1328335813957766,0.9999938443148773
418,0.5009961192001778,0.05947633769316463,0.9999982854488326
419,0.500365765083328,2.657579209213316,0.9999924869896197
420,0.5008031064952433,-0.03327236292443381,0.9999988941774325
421,0.5010607620710709,0.24446144519666868,0.9999984002661206
422,0.5007608435223788,-0.08698507590122606,0.9999989286216849
423,0.5006699442540432,-0.09804917114859579,0.999999066077979
424,0.5016158038485232,1.3726523288483903,0.9999970531298785
425,0.5012106446207938,1.8709971881140852,0.9999948764320887
426,0.5005860336721849,-0.12779860672889898,0.999999239182927
427,0.5006974184051293,-0.11001578606111106,0.9999989488693096
428,0.501428200209198,1.624981855500141,0.9999960470405005
429,0.5013238011711223,1.1534751268725252,0.9999985854839157
430,0.5016512188604025,1.1978767112297843,0.9999975983792808
431,0.5014286342553456,1.261178098323159,0.9999981190269707
432,0.5011535067962799,1.9199345846489067,0.9999946400893523
433,0.5012936511648546,0.3522290693985193,0.9999978670824732
434,0.5013769838844186,0.9456904368750649,0.9999986481152751
435,0.5009195294207318,0.12285464482399355,0.9999986510752209
436,0.5006590996197005,-0.1095408796444528,0.9999990935152376
437,0.5009661434065323,0.35523222634652907,0.9999988985741053
438,0.5016240594587322,0.572399387032787,0.9999975033839222
439,0.5015545084007458,1.478829806833668,0.9999965291749598
440,0.5016442591169207,0.6088105293172088,0.9999974627715579
441,0.5006976941999577,2.3585353736774244,0.9999930834113898
442,0.5005007062899757,2.536280540873068,0.9999926362451379
443,0.5015028178007769,0.5102811968670622,0.9999976406689798
444,0.500334863312835,2.688891537734844,0.9999923896398336
445,0.5003382469646217,2.6807188188792965,0.9999923720702162
446,0.5014556435181058,0.41532326406496356,0.999997621470095
447,0.5017141602406607,1.065527235356572,0.9999977315808795
448,0.5017726335034122,0.9599030468307461,0.9999977359484022
449,0.5017146783781278,1.2537073061155035,0.9999972555620136
450,0.5010220285135528,0.08071651741238517,0.9999983469880513
451,0.5004380734005455,2.5910022555329673,0.9999926452862723
452,0.5017949670432865,0.8634483140503493,0.9999976158096321
453,0.5015689748855574,0.4972832266366596,0.9999974338306534
454,0.5012258298257969,0.28548586215438965,0.9999979201156663
455,0.5011953935794221,1.819438153492634,0.9999957077506962
456,0.5008207913666843,2.263919884357429,0.9999935023235027
457,0.5010720825204428,2.0125155006407365,0.9999943230374505
458,0.5013046365468452,1.7839357268422047,0.9999953153256921
459,0.5009549938918111,0.21590774615356034,0.9999987253479922
460,0.5012712814385123,1.8178676975774999,0.9999951631888562
461,0.5006692031558992,2.3873396795839157,0.9999930443262518
462,0.5005300260733598,2.5066812113321175,0.9999927071786693
463,0.5009450836032101,2.148143894869386,0.9999939253054522
464,0.5017572677581106,0.9424819975425724,0.9999977388360539
465,0.5006674257279459,2.234147321080288,0.9999960543667807
466,0.5013280527736462,0.608468706038134,0.9999983282434999
467,0.5006068324459161,-0.027018929617305787,0.9999992882862783
468,0.5013896083692371,0.4304850285105859,0.9999977925603786
469,0.501748408876315,1.1442243294232304,0.9999974764907936
470,0.5011486681371679,1.939626036343007,0.9999946304151028
471,0.5010789727456004,1.9967646823805971,0.999994497731878
472,0.5010537296201836,0.15431362883875366,0.9999982363808014
473,0.5007045352572528,2.276019143434771,0.999994757058275
474,0.5010118130220759,0.07855476009100126,0.9999982278888966
475,0.5015097063655523,1.1765816401633225,0.9999980316674238
476,0.500362855214172,2.5886602550214675,0.9999952245835264
477,0.5005688258496123,2.471930962137634,0.9999927571078547
478,0.500294174822331,2.6313445074882074,0.9999958631503398
479,0.501728846469399,0.7206635414957971,0.999997478457326
480,0.5012668146757318,1.5600609450583223,0.9999972673020499
481,0.5003819617562789,2.6399341565011314,0.9999928082159582
482,0.5017878465228645,1.0390634924437139,0.999997590084179
483,0.5017390292567998,1.164306306439296,0.9999974541130457
484,0.5015884299954726,1.4034289379882878,0.9999966302912965
485,0.5017782095628615,0.8556507124794117,0.9999976090895205
486,0.5017735674237295,0.8821811679430818,0.9999975753292208
487,0.5013423897385363,0.37615093895165685,0.9999978090894175
488,0.500376998641944,2.64496704499546,0.9999924192513018
489,0.500849088994239,2.2156845952125828,0.9999935064299283
490,0.5008598966021669,0.05408559462565643,0.9999988553480581
491,0.5017738831370185,0.9274106513020848,0.9999976138022516
492,0.5004903645338935,2.4791378611643204,0.9999947389593595
493,0.5010922040531819,1.9759573793267213,0.9999943798844471
494,0.5012269642894899,0.27482176326828434,0.9999978640815281
495,0.5014117710682438,0.4395684052162525,0.9999977566981471
496,0.5006708562168539,2.382779655708715,0.9999930047822557
497,0.5017165938105351,0.7194420368519152,0.999997568923053
498,0.5017346881266244,1.193989008444933,0.9999974133270343
499,0.5017310115806802,0.9638253930694463,0.9999977825227512
500,0.5015738054102131,1.4611089921669338,0.999996544832962
