,kfpp,vrun,vrun_productive,shape
0,18.67878542787884,0.23098635571159123,471.4007259420229,2.000833817422279
1,29.486909527286276,8.307235965842047,924.0529439201385,2.0010275075516004
2,2863.1448230747046,9.489291684068357,28.182387467162705,1.9349588666083402
3,1499.41532707304,1.8608592769389034,46521.48192347259,2.0000325678988635
4,58.69244314426757,1.8078656280551795,1.8689619956944308,1.0637989427333852
5,412.922597260053,0.0,0.0,2.000000003335334
6,972.3545901909894,54.05982851348201,434.6344148052903,2.1135639375729376
7,1.363592989960057,0.0,0.0,2.0000000008446968
8,18.140093122857557,0.059568851331776085,99.28141888629347,2.0012474041473953
9,15925.937398096148,2.2116582429558447,2.2120121649022284,1.0004581255294418
10,171937.95384235296,2502.6836661641046,4724.183906229435,1.7962105862070603
11,364555.1482250026,1.9760018373197497,7.444530902007118,1.9555407582440676
12,492118.30000639823,26469.730664234867,41660.99638667034,1.710413217318365
13,7.341706224532503,2.4086946307439683,32.04329693686269,1.9942194755983238
14,69.32707051977123,1.1970045882937652,21.336980183489576,2.0496128770042823
15,7182.429951315934,1504.9280195487404,3867.4171088035887,1.9743658066797065
16,1781.1513885714232,3.1321180818787653,7.576666300294552,1.8785795203307254
17,268.0465341689829,13.789564954055033,14.652291901197545,1.115163032288933
18,39954.71837248997,2.665591665228153,44426.52775380255,2.000127092001667
19,21902.58667510073,2702.8238680130835,12894.536844678607,2.1193613755658123
20,177.79366052591396,30.94179383965953,31573.259020060737,2.0007818241102453
21,1.4516869892506084,0.4835440694640051,183.85706063270152,1.9997353171823553
22,200556.22518460118,6352.077697345544,192195.99689396506,2.045498154531096
23,991.4820772793333,1.5012531404673897,11.041873642743377,1.9973385148773226
24,97770.86583433687,8.497692194540543,543.3307029757381,2.0003820931617167
25,2.442139732447703,0.325526582134405,0.9288021631317193,2.0172611439543404
26,1.2718163620270277,0.03796632444473236,1265.5441481577452,2.0000267172680695
27,169037.40531813476,1019.278402645687,2142.6465759510775,1.8386222077356436
28,4779.167346661449,33.73743026686455,39.17035906985319,1.2738852274258559
29,342569.4011009445,2.3826684555558084,2.3828829150181607,1.0002009062692179
30,30961.531357969463,18.16235007424806,18.174163280380306,1.0012173313401314
31,2077.4732903661175,0.03015129560318051,3015.129560318051,2.000014523764621
32,44379.29688423522,14.017899403648657,14.022106035459293,1.0006490732872968
33,607465.905760881,5.7940462033361335,155.79581079150668,1.9993920509842724
34,114229.35201796948,100.52276221718667,201.89347703793263,1.8034388380249187
35,10901.83138312176,876.7459984942349,1778.714163831602,1.934457440009289
36,40124.300677503015,2109.456014633205,7406.797804189624,2.094795218665486
37,2.377227126802683,0.01405237348368658,22.665118522075133,2.0012374720200707
38,10.805290976773879,3.529765609417881,204.74278476901858,1.9995375166635878
39,11104.274418393426,108.46020170447437,204.58784793540266,1.7945237159468925
40,5.6534564581562945,1.688043206665341,2058.5892764211476,2.0000206435579067
41,1.0094532998976309,0.0,0.0,1.9999999990043273
42,15692.055138485674,1.8053032330109389,180530.3233010939,2.0000041184454624
43,95.28960081105303,25.79127665294089,375.03674062732136,2.011158695013149
44,191609.32944205502,3.3624771078055837,6.040667411263265,1.7367488391834531
45,6.524694250327526,2.044468921032762,3245.188763544067,2.0000978876576094
46,400756.0359012902,17.981281482848694,5367.546711298116,2.000019881133876
47,2.2279383843998497,0.014967293789547339,93.54558618467087,2.000302051264881
48,2.4343130884087603,0.1947821765917835,8.13286749861309,2.028568092106971
49,981.0127149928078,97.78327756599849,1087.9314370938862,2.0891417732979147
50,6.283470253335886,0.0,0.0,2.0000000078871842
51,29786.14980060601,21.95823385885764,222.47450718194165,1.998685053493608
52,287491.04495497624,18.647620856300684,6830.6303502932915,2.0003890989552615
53,6.7247168254469285,2.1946225119257106,100.48637875117723,1.9996181986359969
54,84.23905599970037,0.0,0.0,2.0000001750699967
55,1.5238104359532478,0.49769886833498517,9.505325980423704,1.9937107219371937
56,12.6272875216459,4.16716073777275,3687.7528652856204,1.9999374355433657
57,176564.68500112137,2.528979200289204,2.5290297808848217,1.0000496621183734
58,2.6017474891508092,0.8733239944911827,371.6272316983756,1.9999309383415222
59,2.052498840643606,0.11726174658376397,4.591297830217853,2.0310072121629963
60,18538.750638851736,8.73705122007068,12.526777094456648,1.5328035888226637
61,23675.19192399164,0.6845885181806117,539.0460773075682,2.0001350995339933
62,13.635899976048467,2.937299051897344,4.6263234976569025,1.6390320680874533
63,19234.477536809845,39.11310787531865,212.49039971379716,1.9898456141896825
64,918990.9338619447,939.4386237365105,1038.52421952101,1.190120760021813
65,459644.34656420624,27952.167214868776,31951.541687949408,1.255766132801992
66,16.62700241114568,0.06778385592663402,26.79203791566562,2.003597369313222
67,963365.9440931159,11.039505522796516,11.040609583754895,1.0001863823130173
68,1.2580416575181064,0.39567499829192826,100.9374995642674,1.999540268147979
69,154874.82997292417,0.5350281829504397,3821.6298782174263,2.0000122707106076
70,1.3339007551789093,0.0,0.0,2.000000009024607
71,885.1291174425908,0.05920080287460447,5920.080287460447,2.000003998639372
72,38034.36598651801,0.4424506171834169,1340.7594460103548,2.0000880070592224
73,88382.62353043261,487.46260662654987,494.84570453826063,1.030128505280788
74,315.1815551426583,0.5568180535215373,27840.90267607687,2.0000342121038432
75,454148.3709264217,2.279996883625806,3.443791927658832,1.6095237277589471
76,40986.658786362575,2.0591546945654677,2.335489854102926,1.2336350601116577
77,89.08654249365387,11.956877900393431,14.497578539428225,1.3387377760114738
78,427.88095163439647,4.937678729126046,4529.9804854367385,2.0021786033200275
79,2682.4930001142516,14.725534869360388,28.94624718776613,1.7578931060451604
80,1328.9912436584207,274.72883813539437,418.2010840354291,1.6105061610753881
81,13.640796917994498,0.027081034053876293,36.10804540516839,2.0011909168227286
82,11255.022841179358,1.239570675479691,12395.706754796909,2.000198483901033
83,462.7661357330148,5.606547333470968,5.689673462761921,1.028468330094486
84,30773.133592768736,600.1160971192006,16809.974709221304,2.042906347482702
85,363924.49914172303,2.4091690673478214,2.475818090339768,1.0501027718207485
86,1.431601004079468,0.2510761057104092,14.371843486571795,2.0105361622151925
87,5.177723402478692,0.003993277673641371,399.32776736413706,2.0000041480470787
88,3.881726233802758,0.3494281837320274,1.0513228743028176,2.0674896383337575
89,57943.12855858104,0.4741313027826953,8.706046690831716,1.9981612691309132
90,4.208815576876116,0.10638668504634112,1.886957875954969,2.0531505839684483
91,22.68685821602076,3.1795733571364044,3.9996645832952655,1.393143310901643
92,16.1292539631802,0.0,0.0,2.000000721925111
93,693.1347230858354,63.26678980923552,70.98578395668551,1.2100216804441006
94,32729.100977158465,0.0,0.0,2.000003926096979
95,259.57662091511384,1.8914770562811067,1.9059815760750378,1.015217322901346
96,3340.1278644751765,433.726640611217,858.524625121174,1.8397086314649511
97,1759.2199837816484,23.327595813405253,23.716788309565214,1.032282341872145
98,34.96400706637045,5.423150133808733,1261.1977055369146,2.0031778835719147
99,37474.34268451205,87.43402333454446,1767.7724087049023,2.0109557181984794
100,45928.895062655465,54.67295430419253,54.808330881469765,1.0050930870852035
101,37.462128740541345,4.843838364607545,3614.8047497071234,2.001343738811899
102,30075.91608143076,0.0,0.0,2.0000017541752855
103,170144.8644429927,8036.850030101265,31197.74088778101,2.099016802494526
104,22.106825020092995,0.05778651055485882,1926.2170184952938,2.0000908635327854
105,1.4094687254779552,0.011456066059874806,1145.6066059874806,2.000019757254127
106,448.95214335353666,36.70983876824317,383.07251140815174,2.0986690595107174
107,121.59477788933643,0.0,0.0,2.000000080124037
108,6121.066529815094,1.706265938553964,1.706795045017919,1.0005880533474591
109,216.7720051112974,3.3330359348794034,47.11670815492512,2.047689372182961
110,311852.7999007722,3.242727639905521,3.2428897843947406,1.000086730612731
111,1.2024207391293,0.13092439027711492,4364.146342570497,2.000020065442729
112,3454.272892371389,10.675516528147094,10.736067951392952,1.0105424291584073
113,10.53283420024991,2.243764099004819,3.5204030673478406,1.5905284443040835
114,20783.78569561967,5.186033978872526,5.187642147938387,1.0006298535094702
115,53.950605793897864,0.0,0.0,2.0000000028737723
116,27205.75387076477,0.0,0.0,2.0000093163248587
117,71034.94806833289,4.024148137971876,281.80309089438913,2.0002280419087612
118,139330.61147134498,0.5322713594561945,13306.783986404862,2.000011700939536
119,8931.015669700939,14.34541940990284,14.475554646171929,1.0179492810410344
120,22.553558152613302,0.0,0.0,2.0000100374814123
121,707433.0372409103,2.3497485566429206,2.3501950937107257,1.000423211476318
122,1.4749635643371337,0.0,0.0,2.0000005143227058
123,28.355180609502657,1.3404324495137023,180.89506741075604,2.0115718994568703
124,78246.25046327377,499.78535374130445,506.7121082612354,1.0269953186282217
125,5.815441896984123,0.0,0.0,2.00000006769587
126,15.009165285918632,4.0594347609859724,9.490647747377954,1.840915541449031
127,795.1285316824852,61.41935256011486,67.3044540195876,1.1753340451142422
128,78.10160842447075,6.137305773759826,7.0687557142229895,1.2637749553380004
129,3.0470590854102544,0.9836788959619358,49.40627302671702,1.9991094798394657
130,5.251016904777087,0.0,0.0,2.000000046190917
131,44.5920817860517,1.569857261674399,26.24740447541213,2.067874367944457
132,42080.02034101421,435.9915998389408,5304.034061300983,2.0425804336381757
133,329.6791986604743,0.0,0.0,2.0000032047043765
134,2266.8067671486615,12.731899874225254,12.809396724407925,1.0110227047540783
135,206211.91248260747,3.485143456794135,3.6382026419405733,1.085116335076067
136,3.1828271389977796,0.5403616617838984,0.7223603526286992,1.4396130686437472
137,360520.68138158263,57.43431666044904,453.20221463307064,1.9918826165443662
138,131.82918881960387,27.299653779400597,54.10157308640625,1.8484460044449704
139,4.731512369157115,0.7045875526791284,3.5409968473169577,2.095130060187606
140,255301.37081298712,56.46841145680937,3982.2575075323957,2.0012069047381784
141,1176.401327071732,140.0440540430263,181.51942819020664,1.4549761362880846
142,275113.48504076106,13324.77871819142,26920.37642320023,1.8938980370447767
143,132494.32491026094,7.935424067277368,7.9364558065322175,1.000343886208837
144,4617.635786758261,363.29302772375473,17185.100649184238,2.027047137964676
145,1771.552688079918,1.526841105304443,1.575378517426349,1.0581430189671222
146,18706.85391350086,2.68186053525919,2095.203543171243,2.0005995957583385
147,2.6657805339275678,0.5003007289814971,1.191135491123035,1.9362200654948674
148,60170.936361553264,22.224063492525975,130729.7852501528,2.0002684864048863
149,566.9106381010254,0.0,0.0,2.00000869408246
150,87.95361616095606,19.22605794007888,1768.7265814240004,2.005574925621516
151,2670.490743823237,82.56892719299857,13447.708011889014,2.0101621497800424
152,3031.8983668364417,1.782856194436478,1.783765915053155,1.0011851979246669
153,21877.09578801118,4035.4117611027277,16469.723945403344,2.0627858739546197
154,132013.8307454677,1189.6100034750618,2013.046794948916,1.7217692542074592
155,46921.94455407523,13.03695831693907,14.80210992556239,1.2345345400299341
156,1.191969612649688,0.4287778393016433,235.59221939650737,1.999808502525244
157,2.4280271172816317,0.06858601533176963,3429.3007665884816,2.000036921402035
158,56971.862915707396,79.28359522058075,81.81917134042037,1.0570170579032327
159,1302.4168338680724,0.3770747200740078,698.2865186555701,2.0006450665155833
160,1525.1117519337317,0.0,0.0,2.0000029341499004
161,2.577529919041444,0.0,0.0,2.000001260556647
162,87748.47908015107,6.760946846021885,6.8317925346057455,1.019175367505939
163,25068.289237015833,0.41990216976284434,451.50770942241337,2.000021799107128
164,6265.576435549239,274.98129572350774,52277.812875191594,2.008357695768399
165,28.091072749553348,0.0368056715282666,920.1417882066651,2.000077656492124
166,1391.9640009012633,9.791143653695658,9.865330942382371,1.015506727775495
167,47131.919067400326,3.0716963795141283,3.1256450124286475,1.03355460461109
168,9406.592751073764,0.0,0.0,2.000004509823264
169,305180.7518956973,10.69494480657181,78.51805892791872,1.986753460274426
170,3979.355162619472,11.327370269475816,161819.575278226,2.0001300803510764
171,70.02098560447803,5.20350537948267,2614.826823860638,2.003024055859136
172,16728.48041613367,6.054475375096763,4922.3377033307015,2.00123040123692
173,970181.192850172,81.28090515239313,87.05248490135281,1.1143365380049324
174,3.77265518888054,0.8505761914851215,2430.2176899574906,2.0001229533823497
175,77.04903593801497,19.283795875613222,40.21982204065662,1.7726779034996474
176,67.7844325823645,16.15681287054189,1124.3432756118227,2.006272073341146
177,397099.4338106158,1.690633291042299,91.63324070689966,1.9998599938920065
178,10052.856483889916,1.791719003622538,199.52327434549417,2.0009054694694335
179,254.6647494200911,0.6159216187530013,1.6095793099696896,1.8998078587222766
180,7638.174703774759,2.5421001338304507,3.143945649517606,1.36978080231912
181,11216.212236767253,0.675460232574078,9.285953156091256,1.9975165242586554
182,1763.1010016754265,14.397339195126886,78.45106361773587,2.0087555423177066
183,14.183899969586367,4.706476378051814,125.2055434437833,1.995313187995096
184,22.48970659375731,0.21418830620199686,509.97215762380205,2.00078674121221
185,26.187542676478348,7.965706625160331,30.697547593974072,1.9533372676186587
186,220091.69057830627,1.623420328380674,5797.929744216693,2.000044934646027
187,22990.88630453307,14.403191216075465,14.671085232419445,1.0353266399694003
188,774512.2212518377,1.6142038406679744,150.01894429999763,1.9999530324200652
189,37369.230337373214,25.494838057112233,65.09763572952772,1.8861596059494994
190,36256.32510416128,83.08130204029776,83.82567402564547,1.0180445659285025
191,117439.17765144256,2.1145816345357082,5422.004191117201,2.0001044588459163
192,244.54504332060688,0.0680089308057866,1360.178616115732,2.0000484924287734
193,149.98485869007257,25.735645809441504,36.298001169858686,1.5428660945115327
194,1.1267033560504824,0.3709108077855148,6.718181629877101,1.9913329671435387
195,470541.3009705176,0.9581968064119109,3.0423775405998117,1.9319432100089444
196,126082.11715565734,6.0591339610959505,6.880531853802947,1.235282170170463
197,860048.0734662218,253.99522898305574,6004.615342389025,2.000766321210678
198,3.9389344232945365,0.010234133740532912,170.56889567554853,2.000107039866803
199,7.229716088451199,0.02602970213369496,56.58630898629337,2.0008352206601994
200,114047.83311472744,1.0442038493002368,39.31490396461735,1.9995220637515698
201,83.2618834952536,1.2650867402153219,11500.788547412016,2.0001281930992163
202,3822.3947585736714,110.37242730649602,1824.9409276867727,2.0656594674365594
203,1522.4702928658824,9.630320704153164,9.778663022199934,1.0299546493978853
204,454.24964152495994,0.8349638063178898,205.1508123631179,2.00496078184973
205,65947.7865235243,54.410012005769595,83.46758096824456,1.617078272526103
206,10.32031683677595,2.880231445075684,121.58005255701494,2.0050981778242765
207,127.39895175594431,9.860518020270693,10.901502493361813,1.183041252371079
208,200.41304041070123,51.92149295878171,130.12905503454064,1.9003385518992388
209,5108.420390259676,67.23466622724575,68.18240160961946,1.0274986263251944
210,761797.8138177226,32747.62083416966,45960.92803493236,1.565643026459782
211,2.3171192391375737,0.688334471789369,2.7075265381322784,1.9434634731494986
212,54.63452062912325,0.24232939559364078,44.79286425021087,2.0081791808496456
213,4397.335880007104,29.900586433120367,30.102271653196784,1.0139243417562713
214,214.69669987516002,68.04865726154446,495.69243343199634,1.977466657563421
215,22.459978891980658,7.3792209284749175,219.16308073878582,1.999506818432786
216,3.104514399766276,0.1607730416242865,282.0579677619061,2.0006721535705925
217,10358.733892963464,7.079723277989715,36.95246765483436,1.9812984017213326
218,436.83777756119383,1.122389410179674,1.1259474039762392,1.0061615089967844
219,4532.538802071983,0.2745716357353589,13728.581786767947,2.0000569509292605
220,6.961528539181334,2.277868754828802,22.270910782448198,1.9902431496884183
221,1725.4710484641107,503.5118404468666,1702.4338668070957,1.948414439989053
222,157.15685982967196,33.67356525929867,4716.185610546033,2.004015116591015
223,3.573931996690723,0.643889695415224,149.04854060537593,2.002745922152532
224,27210.749378429624,196.3760420507231,99179.81921753692,2.003570765101041
225,13.827737596162942,3.716270679730343,4321.24497643063,2.0000590618043974
226,13213.754747434097,0.0,0.0,2.0000088868203836
227,1.385961588579587,0.4488703912440786,14.912637582859755,1.9977302754847486
228,87487.38987953133,1.284489692696662,1.2845025377220394,1.0000426540541287
229,267.23422662661886,56.987044528315224,88.86175663233311,1.6078016566352162
230,48048.172588959496,1031.6561815025868,3745.8922388532983,2.0326393805430882
231,990.4565300173564,0.39817171793192074,238.42617840234774,2.001288096449132
232,81098.53922774259,14633.558846832859,35410.05383253366,1.9823466769221338
233,2.5740421031576957,0.6437433878822547,9.01348904903745,2.013749038706464
234,5442.420764909775,229.05923478048985,240.50486112125014,1.0960293417535951
235,19962.11372957912,272.0464032991566,14586.938514700087,2.0264079076915706
236,459515.1694996269,5138.3901118245485,6177.954518683406,1.330198326621414
237,80521.45672374038,3.1835361771071877,3.1838227211520906,1.0002342006020435
238,59.97264589460941,0.8831714357957186,1.288849798312589,1.5913438760364331
239,20205.96267745697,3.151780315830623,3317.6634903480244,2.0005450486685956
240,463.53692078140773,0.36511068087489273,30.00087763967894,2.0041527536796475
241,116559.16959872084,20.719050643035487,24.418732858413755,1.2932643999594324
242,1.936533710918137,0.42881763265478,571.7568435397067,2.000267007625622
243,1.4661355763073876,0.12760165508757798,20.383650972456554,2.0072219594845233
244,95.05020744860781,15.424587449693165,20.591375353357673,1.4776559235118938
245,138.18992640808654,1.5859334153336673,1.6040592852570723,1.0232972111325684
246,82556.20152796117,10.861907961224897,10.865384884387904,1.0006536250116356
247,20.6731619179743,4.7649140162201595,11.636784175202477,1.9229662280510829
248,3638.0499441228785,708.378158399899,28403.29424217718,2.0158673922014603
249,4.697200474215307,0.011874604181791346,131.94004646434826,2.000132691153626
250,599.0657825451552,3.03142646867429,3.047701193045152,1.0103762289211446
251,650397.122576774,96.62875173433265,60017.85822008239,2.0007520071990643
252,7.605794350429932,1.582480253261181,423.12306236929976,2.0017719395995153
253,7092.042390376987,1.185547140566318,3.1559886611641628,1.8994188746364913
254,992.3475252280648,3.09690358702109,213.87455711471617,2.010903950374779
255,300228.7169485639,60.20038961526866,882.1862487583331,1.9982963509293294
256,117.03347944610887,0.2561119032758559,25611.19032758559,2.0000217859957625
257,11975.006808620623,1745.118649410143,113025.81926231495,2.0143766750190593
258,1.7875846757645393,0.04377927416934829,2188.9637084674146,2.00003276827047
259,666802.5646887586,2.7819793133056674,4.122305831291922,1.5845940930019604
260,6.2608276216207175,0.0,0.0,2.0000016089001678
261,336.6216014331788,0.563070639715076,1.9535462641469525,1.9516500550936164
262,45.58024484921877,0.0,0.0,2.000000367496563
263,49393.349398097016,805.7675516482527,827.0814403664974,1.0517643330358457
264,12187.418428239765,18.285088058858303,239.89881997977304,2.004452967699567
265,34.829186100500834,0.7906727099714217,1.3928141029654415,1.7682133473577
266,91.21753978996719,2.083882970767158,11.777342436798678,2.043825827820983
267,36.76744413682478,0.43432505617606243,6204.643659658034,2.0001569161490145
268,1376.6721625438408,13.094508223626622,1181.8148216269515,2.015488762177825
269,995923.6316029924,1.252801500400325,1.323796718408577,1.1065988093294965
270,270233.97593784594,2.0822223012804835,2.3238569465865533,1.2074856512493473
271,478.55587259873744,24.70278118961768,138.59280290404894,2.1176333099873434
272,41832.82116418847,2.3979368368037064,47958.736736074134,2.00011762654734
273,283103.0007768638,3.639520689324371,41.82395643902978,1.9941410143502991
274,183568.1825003912,3123.88203729694,4662.997682290598,1.6178065349108302
275,1072.2811191049227,0.0,0.0,2.0000000384801635
276,232708.63620790737,29.54938208407863,30.17090267927163,1.0408976525341422
277,653.6059643858146,13.171971569540943,13.507913375181715,1.0492275408687963
278,662.9777496565224,51.313493391477316,77.16662915842416,1.6681880389092423
279,2.8482537049400722,0.7429518858205172,265.3399592216134,2.00015820564428
280,188808.83334857793,0.36883714204242374,4.074197967993193,1.9943191152727495
281,11.492704325388429,3.630992222182485,27.93500709480293,1.9881382240171444
282,6062.127842785727,0.0,0.0,2.000000461336583
283,3413.3228516584477,139.98731736304558,189172.0504906021,2.001007567028244
284,566.1757860524056,107.80083743286096,8515.074046829457,2.0082975858888523
285,19779.071196504137,3.331513134722623,15143.241521466467,2.000260309632364
286,10160.846338364248,11.863021435739618,12.005891545126627,1.024317690962008
287,488.5121228672152,48.61788429819728,55.186138502800624,1.2327014819396847
288,261140.8453073306,4141.7292390643815,17969.23614501445,2.0027960133430853
289,2.2227422574677314,0.6342763505636199,21142.545018787325,2.0000050559065907
290,347342.8812709761,21.388308454400068,21.394298858080337,1.0007671160924339
291,9334.776136408922,19.26806442193925,385.1302103125974,2.008648671433247
292,23.68021923935347,4.304467427420761,6.762926450824474,1.6477366333782055
293,4138.450563395782,0.1802448257046441,1287.4630407474579,2.000263595406176
294,140699.80500618,1.238678182044799,1.238702956103921,1.0000450897836073
295,14173.427761605904,150.236798701764,168.18932752139804,1.212943709286819
296,74.77135328484952,1.1009585238971096,110095.85238971096,2.000027809452019
297,9.9280193668374,0.4817556626840459,1338.21017412235,2.000483100539405
298,2429.078558143562,557.1527085485179,976.5015222737624,1.7278347917867491
299,50077.34494040913,744.2224716690064,758.659767035696,1.0386097487779853
300,4.553202464801109,0.0,0.0,2.0000000483214295
301,7.268808539866703,0.0,0.0,2.000003866434316
302,3.42618124508729,1.125277451066984,42.70502660595764,1.9986136329199498
303,51.906154611412205,2.0733165288718416,34.33780273057042,2.070311478518544
304,16.964042399079084,2.991145506777437,4.112388130580102,1.4634648609220933
305,15804.19770353694,791.6398423386717,8297.241823065418,2.0962906225409483
306,7.997522797047145,2.2019435031768673,12.280778043373491,1.9883361416519751
307,937.9745726791843,258.9658121988196,2440.0811476379877,2.01096944464206
308,13740.894189057355,31.613467707641373,50.288667134832934,1.621003701365115
309,1604.3800709858745,1.2604998566115826,326.55436699781933,2.00344714529034
310,13.729102442309399,0.0,0.0,2.000003583467626
311,4703.546260975959,0.6143555946247946,19.779639234539427,2.0002701821475624
312,264.5880875937531,8.521117708853476,33.54110493545946,2.051516265613311
313,317.7574887271986,0.7546531881626382,0.9681619410145844,1.4164291515836445
314,9.215472167908233,2.9080750578175216,34.50492474866543,1.9970997355802034
315,3881.278552069537,50.81669966759096,5195.981561103369,2.01604837155783
316,1772.952961418367,1.4724110155937236,1.4737816325119604,1.001972277401691
317,27355.093753644782,5244.307628847746,8174.815483301762,1.6285220139438297
318,1655.612667571989,0.0,0.0,2.0000164337433093
319,19106.54822275124,4348.697275002414,77200.37768511298,2.016462421357045
320,2.5358111231109417,0.30460428900573977,8.594929148017487,2.0315365831615093
321,957334.2825217021,1.1266626919572835,1.1266626919572835,1.0000068098470942
322,2.0560480696542416,0.0,0.0,2.0000000985852884
323,1800.004343304727,1.6734721390362273,1.6845056510506091,1.011355173345185
324,6657.4009887105185,0.0,0.0,2.0000000617112454
325,109071.7229789234,13890.38456075743,20431.543076792575,1.6366208622162766
326,7536.498964060153,1382.8749490868574,2176.830243970056,1.6673737586018076
327,2.3798926225547588,0.752583089791096,6.224324619891622,1.9852560835954516
328,15360.870077125954,201.05349437035147,204.48474844933125,1.0341636436714443
329,52038.20205222605,4866.955745957516,155842.3229573332,2.0378917750422634
330,146.59504069007187,47.146323143790475,490.95410958857104,1.9950109487546228
331,255636.79090281526,23.602881579287256,40004.88403269027,2.000393330294835
332,1561.1720944081942,280.33306793883736,395.53724629460356,1.5182264086009485
333,1565.8006678915315,4.730278582582384,14782.120570569949,2.00074130184309
334,94.85298650259698,31.762753706726382,664.2148412113422,1.9990835357051984
335,50.42430893053359,11.777207819102975,20.2807043431368,1.709576843900357
336,21724.499585102832,4745.906963584335,8878.321884920653,1.7773220482307266
337,1.1233231313937155,0.011486740290135135,229.7348058027027,2.0000651533865414
338,1.4043373990193881,0.05550586838337203,41.11545806175705,2.0019891262462903
339,13152.553746015094,5.684827385190728,5.822112805135831,1.0469874064512181
340,1275.817607747481,0.9965149106339612,0.997342705079177,1.0016040463184057
341,290.7048498366012,28.65636842146778,32.6419505882991,1.2367836031900754
342,19876.33591186038,1.12272963260409,1.1228643763292496,1.0001857229833062
343,6.052176611156851,0.14394386821019886,3598.5967052549713,2.000033390713885
344,22446.953630588392,36.77809096319833,110.35192919826672,1.926723076375264
345,13067.657090244173,6.427746293775486,6.489002477159877,1.019311274818192
346,139.81703231630084,0.8761703381710735,2.2165254323941244,1.9037977059011508
347,316347.51999413245,1.8158050286762684,1386.110708913182,2.000030273982867
348,1.583528516143752,0.5133011130579564,30.921753798672075,1.999228020759088
349,45.240245933780095,14.040197488049563,858.727675110065,2.000201163584219
350,10856.898878794036,2299.1023662188886,5978.527060065761,1.9714451957856383
351,2.5660449182166305,0.0021937658523821877,109.68829261910939,2.0000490508774136
352,7.122031919497583,1.5239828828255826,10885.592020182734,2.0000691638235524
353,94201.16791607515,1.7612127495046577,1.761406504220122,1.0001316404768512
354,255.33817740481774,0.0,0.0,2.0000010541462006
355,167.67408924648512,0.0,0.0,2.000008016821907
356,580894.7278423673,0.9611877010210784,0.9611973129942083,1.0000055469420743
357,1.9072775734503058,0.0,0.0,2.0000054230687945
358,110849.08700244638,6.129115629668194,6.1296672997251695,1.0001362194353236
359,42.665630102566496,7.134990662623447,71349.90662623446,2.000058084823052
360,642.186727491696,0.0,0.0,2.0000000829385467
361,1730.248623080783,48.59335377019984,50.086430256135216,1.0596910890842037
362,97759.51406873095,5.423650730454924,9.724509584305888,1.7394119798957233
363,2.568987653078268,0.6036071971929702,6036.071971929701,1.9999972441226017
364,5.9420810193224325,0.0,0.0,2.0000000080102645
365,115247.07167426813,0.4964555276313148,49645.552763131476,2.000031559953938
366,1.3901626586356888,0.0,0.0,2.000000001023107
367,12550.223953856717,1.9701078982735403,98505.39491367701,2.0000416594266457
368,365.94124703830187,0.0,0.0,2.0000000035346908
369,89.48563467590255,2.8830050910705918,3.058015307095677,1.116489890657712
370,145.14562111972486,26.087881072175293,35.35853549311514,1.493580760915828
371,7.005597999730249,0.626362866996853,43.49742131922591,2.0178410865860976
372,425680.0038780345,5237.235445892105,143682.72828236228,2.0390752422535647
373,586190.2905813635,162.02967604216036,3047.3890547707424,2.0000774550284177
374,51436.61830748033,659.8328193356416,51031.15385426461,2.0192591415265975
375,347643.9827993382,5.253190195152922,15.228403858861672,1.9182249187562472
376,1.5864708445811244,0.508160305225287,3.285873295992804,1.9701813350695654
377,3.067754582943192,0.0,0.0,2.000000000399613
378,10.731924582403952,0.0,0.0,2.000000689334188
379,57.10080675893537,13.993514817706338,1274.4549014304498,2.0039571224724075
380,521.3579424301286,0.0,0.0,2.0000004628566335
381,4.044414109260685,1.3809235622650882,70.27600825776533,1.9988821056574295
382,4273.801639182007,2.302417694675056,2.303823026721356,1.0012864208793721
383,2.0635799468553584,0.13490800618449025,13490.800618449026,2.000015230607831
384,165906.67599960903,354.48139805356885,475.9545074432299,1.481378038050253
385,7.96442513406449,0.0,0.0,2.0000000062403807
386,68.66511068842914,6.183745537046402,1191.4731285253185,2.0064670028665934
387,17.42806149126184,0.003733073186595838,124.43577288652794,2.0000565003992166
388,87.6806235650526,0.01977485013386053,329.5808355643422,2.000060649758061
389,2045.5988499391183,0.20236513820014232,10118.256910007116,2.0000323475493205
390,122.54259177136359,4.503683495813872,5.936444336405289,1.468202651211314
391,6.478331749906586,0.0,0.0,2.000000208997158
392,1678.5918179814284,16.291208934583356,16.4597568446728,1.0196442584352263
393,724566.2446357529,65.79632313216644,66.30955911975333,1.015411482044876
394,442037.20212968666,35.398971195419215,35.42305887545452,1.001395092305922
395,56.99440350071565,2.390670465593045,48.52182800067069,2.0513943413368323
396,264921.24513078365,7.3530106059892635,81700.11784432516,2.0001526906386884
397,44.2031065516135,0.0,0.0,2.000000028908705
398,30.714763730066814,0.017171787176397724,343.4357435279545,2.0001297324163154
399,44179.51273956238,67.92333544189196,68.97100500796293,1.0312185689223745
400,14763.306353655254,6.819731100020575,6.831070677344968,1.003198051616422
401,5.408044203932397,0.8292081717015987,96.30756930332156,2.006872261949333
402,800.8914533357951,162.10048298570064,240.25920494701364,1.5860429718753177
403,301.2786539171105,0.26411777284140553,356.9159092451426,2.001248619026934
404,5909.559378048789,86.06271761877238,87.66613115764572,1.0340658878630944
405,1.0073772053248085,0.04976199477180154,710.885639597165,2.000089696355777
406,10.722939830013955,0.0,0.0,2.00000025682312
407,12.290212344707777,0.18904821678666783,54.63821294412365,2.0053997645790806
408,1.228619737499702,0.21652225071072523,8.292694397193612,2.015279099970172
409,14227.556179907304,832.6357810195332,13345.660859425116,2.073804884254861
410,36.0743490157215,1.438940687192536,143894.0687192536,2.0000202447045345
411,233534.5431859654,1.4032002509262262,1.4032142830690568,1.0000198370287114
412,621141.6409825591,300.6315585903943,88421.04664423363,2.002084706448845
413,2.0924463057818463,0.6521292100985374,3.5174175301970734,1.9628540907208236
414,93102.87136314707,241.59615596100076,242.30854307764906,1.005718576342538
415,6.765866088003167,2.0287516890851913,7.864293092550261,1.95312633694419
416,8361.255679704056,67.56021549117844,3286.002698987279,2.0231671804327935
417,184111.28673099974,2.291317701283314,15275.451341888762,2.000066389101162
418,3.3404884587037307,0.5419256115491806,0.70918747830816,1.4182063113173509
419,3248.926458201573,692.8653013102924,1080.272695298095,1.6364846711393006
420,89.28649413199028,27.858659122545728,206.75863976952448,1.987932754089375
421,188.73693716719333,6.08781592553137,11.772084784645108,1.846590174791448
422,2783.593554111847,12.625969277531158,17.50591935767728,1.5228389083939577
423,31.610014628159504,0.0,0.0,2.000000060304214
424,1017.8494763594451,0.6364977726494523,1.5542911593110116,1.8658745045337919
425,100483.91963080503,89.47375191832204,1227.5175184294421,2.0020231385058147
426,975596.6597666265,17.02021900278166,134.69625674882602,1.9909013710971422
427,385.6886142413509,61.30750657216457,67370.886343038,2.0008095892577615
428,19878.758521470554,3.2201595250103487,3.2206104104678137,1.0003498478246025
429,3.4997539988670434,0.0,0.0,2.0000001004360035
430,151926.4276152362,2319.7479433407234,2366.2205142404055,1.0406820432169368
431,571.3309671438598,144.27257270492007,777.2887921174511,2.0175187205090124
432,6.385052399902937,2.0557694995442004,46.43707927590242,1.995927716026015
433,8.800660816252016,1.6129699035456901,2.226260011518923,1.5038609193924433
434,5.255268199872414,0.030577438175532805,3057.7438175532807,2.00002953846248
435,2.63786185795537,0.3641958330760238,49.082996371431776,2.006580179844694
436,10.886619453250296,3.202909677325231,12.492821894551955,1.952406315921175
437,5321.300486594213,0.0,0.0,2.000002116788559
438,460557.92032492487,1.070363103889263,1.0707485733756783,1.0008537451751787
439,58661.32632216133,65.98696294305634,66.06756537281119,1.002457264224738
440,333102.1932458622,1392.4347060882321,1519.2296092786262,1.169342194468923
441,986.1650526133934,2.322566561835737,2.5702912306453345,1.1900458836722363
442,20.011207813631334,0.0,0.0,2.0000000680583816
443,9687.11355844246,3.440150126673127,3.441251327097797,1.0007280801459033
444,276.4328083367074,11.170514892568905,372350.4964189635,2.0000633919382427
445,283.32089054009646,39.47697447091193,48.47131092641808,1.356186373511703
446,4.3477995433890735,1.3807108716059737,11.825204450205325,1.9859643680494625
447,13.58389477332043,4.506815232393408,6828.5079278688,2.000075912772126
448,55.10123615105769,2.269324992629785,377.59151291676955,2.0093567040047606
449,16793.955522851702,560.1034635779354,708.8840474585319,1.42479271674335
450,171249.1972312256,1.901151170520522,19011.51170520522,2.0000219784178572
451,2.4202848547867473,0.5384427430571701,0.8782728612673432,1.640259567724839
452,32.884893432515724,9.74277010580391,36.92261380908748,1.9569099209901446
453,729.9125364157259,10.642142017162204,2552.072426177987,2.007119519065037
454,70013.91917637837,1.8732999216154915,1.8897025396597376,1.0165903031538897
455,7011.748841055433,77.14351664689639,79.29967480484,1.0559480842537108
456,3.119251667555588,0.0,0.0,2.0000075648299642
457,21542.823986115964,426.2245601695395,3224.0889574095263,2.0416654917485006
458,136376.63684442415,0.6049383504151732,125.50588182887412,2.0000141600260952
459,1.2451007128914273,0.3865899558881705,2.134087529054212,1.958861102187097
460,2538.6536328386346,124.04559414026636,18851.914003079997,2.010775623210996
461,3.1788645034248493,0.9202764027105564,412.6800012154961,2.000061639031374
462,3.1786818892020334,0.5321715544446791,1.3117366390058642,1.9775001539392365
463,881.2668482184238,7.656720735856165,22.68120367277732,1.9476135394536698
464,70.42419256221926,1.0264827579113702,2094.862771247694,2.000760132226108
465,1127.3605833974168,0.8805629785139784,88056.29785139783,2.0000070051974044
466,1.9072150412625521,0.0,0.0,2.0000000024078908
467,26.281390596879312,0.35955882030826836,35955.88203082683,2.000025486292361
468,246275.11584047278,1.655317942669156,32.759112263391174,1.9973405618533606
469,4440.5121439709,287.78637016116727,311.1002207004597,1.1452310717514311
470,40495.27481209094,7.68745295603827,7.689375299863238,1.0004731202296175
471,415432.0706050764,0.0,0.0,2.0000099383420795
472,13240.348986129713,65.28402541548792,808.2707120897351,2.021073826578569
473,4685.889890146199,67.0694710392179,68.20924756604653,1.0325458501388067
474,343529.5258656665,1485.2513915544287,4419.996403756892,1.9383863306957738
475,421.2788201514953,40.97500577996865,1779.2012930946,2.027412891567457
476,1925.5884101045883,5.077525058218428,177.9090770223696,2.0118621941030415
477,102259.26257006703,1.2651354741282435,63256.773706412176,2.0000216174477257
478,5776.918860498253,2.9533362624410113,2.970326530193719,1.0115135848330272
479,265.5341503742221,0.40183904061555453,54.89604379993914,2.0059891654438355
480,2086.8409511128357,5.492053497747416,33.34377692761469,1.9974027537626218
481,501.3256915538463,4.537844847829394,14.819872135301747,1.9736596226079524
482,8017.604122045809,4.829722626092372,278.37018017823465,2.003139597565955
483,12.951369360055537,3.3147463581022194,11.463760532949054,1.9738802871681302
484,18.547808644569447,0.0,0.0,2.000011195772115
485,258547.16905472247,271.54297463868926,382.7244180954042,1.5304605378703493
486,4.324203119723962,0.014222501618737681,19.753474470469,2.0011328585545756
487,16.820806783799643,0.754110698643809,769.5007129018458,2.001699050518528
488,1.1664850400517564,0.10732950533248575,1788.8250888747625,2.0000479244269225
489,334863.0752374313,5.605221640660564,62280.240451784026,2.0000578676394616
490,105375.25753220794,16148.352032335219,62312.76107403134,2.0921924923570105
491,34.300851050678574,4.735530359245941,68.33377141769037,2.0512138332293897
492,192.0117175396737,30.193331818197382,75483.32954549347,2.0003561299364074
493,1175.5890247491652,1.3552538855646314,1.7690069122771293,1.4375698320201082
494,23612.356810018726,0.0,0.0,2.0000004004306446
495,29693.26123481035,68.249889699715,68.45044951679924,1.0047807848554637
496,106.52544230624659,0.24718749551578142,882.8124839849335,2.000562719111333
497,94.7440431134875,0.5968080465670591,3510.635568041524,2.000243570899227
498,37.99911468088154,9.903712737121218,90033.75215564744,2.000046123842807
499,258.42237019664833,5.6809220106564915,1809.210831419265,2.005414096218134
