,zrun_comp,zrun_const,vrun_comp,vrun_const
0,0.62372,0.65984,273.8845659370125,283.9310374251279
1,4e-05,2e-05,4.658042031160274,0.9016675729485532
2,0.09152,0.09048,2.9350188323157496,2.9530306958483834
3,0.00478,0.00478,1.125800440374456,1.115880995801242
4,0.15518,0.1533,5.518295320519986,5.445085248549049
5,0.3492,0.34574,8.138700896228395,7.940733747707053
6,8.70256,40.41942,3.0924806240123184,4.525892172208691
7,0.07464,0.07834,530.866238843877,543.9566434052808
8,0.02938,0.03122,272.7048758534534,279.837600264792
9,9.20762,66.72784,12.768671918265694,15.356990262158174
10,0.06254,0.06468,583.7065347246191,600.5029021043825
11,0.034,0.0352,8.595049660321319,9.007826255390055
12,0.0,2e-05,0.0,0.0724376803285303
13,0.0,0.0,0.0,0.0
14,4.93948,9.48438,87.82944989156312,93.50565835504068
15,0.03712,0.03718,4.607698142393626,4.630643242698044
16,0.23238,0.23096,2.5905409139426747,2.5969029319805803
17,2e-05,0.0,0.5003427108539302,0.0
18,6.08922,16.25244,38.02409335456956,41.65553378005124
19,0.00086,0.00076,101.02080777746266,89.40073369778085
20,4e-05,4e-05,1.241350048815369,1.3127429436791178
21,0.00068,0.00062,60.14474125023066,56.79985214070879
22,0.39008,0.40146,28.44243895347552,28.76216524253853
23,0.0047,0.00516,468.52919642137175,497.2533613261545
24,2.80504,3.89112,94.32764005739529,97.35532635450188
25,0.18348,0.18604,136.4420604826866,138.96341212195918
26,0.00152,0.00118,320.3247105999325,262.12680899764365
27,0.9438,0.96394,2.422433091424081,2.4492082843834053
28,4.75014,9.68958,33.60186647380476,36.3232884879132
29,10.07512,106.0007,4.986964823073949,7.040489404609079
30,0.0994,0.1012,860.1174218621495,870.9013410075012
31,0.71914,0.75528,122.32501856293064,124.146772985214
32,0.0048,0.00436,34.74184018840468,34.48798265006446
33,0.00336,0.00272,0.7050169541949737,0.5155388496672498
34,0.00504,0.00512,4.862113997529946,5.11430181834887
35,6.87244,24.69182,48.52884587722978,52.9884763017009
36,8.63498,83.40864,0.38342259142439,1.1504415932808103
37,0.58816,0.58628,0.9669942553920824,0.9650455817178104
38,0.043,0.04346,41.37645436909263,40.91527273169456
39,0.00272,0.00264,1.8336227767065043,1.7700516228620988
40,0.1734,0.17264,59.29865971824984,58.890243291173086
41,0.01346,0.01402,87.36125594914022,88.53686823594587
42,2.0114,2.14448,0.8238446611289868,0.8411824222095449
43,0.0,2e-05,0.0,5.068768354345171
44,0.00246,0.00224,5.785300683743756,5.005718903594637
45,0.01732,0.01766,0.3110187314075853,0.3128423696275135
46,0.00054,0.0004,9.458795680329173,8.486337643860626
47,0.0,0.0,0.0,0.0
48,0.00028,0.00022,2.2742670652220487,1.9730686342916683
49,0.17326,0.18492,621.2138060042029,641.6810464657694
50,0.18906,0.19004,4.301328795039137,4.375028736849763
51,1.21498,1.46648,636.9511563477363,678.8503148300396
52,0.69084,0.74238,416.07658565877847,430.2861188121672
53,0.0,0.0,0.0,0.0
54,4.33914,6.29278,1.3415703087106796,1.5248970420407042
55,0.00364,0.00392,7.781056316299851,7.873199707330273
56,8.58736,44.97972,11.424164765490874,13.883491872688968
57,3.35762,5.69124,283.51122892925514,305.2559515741679
58,0.0,0.0,0.0,0.0
59,6e-05,0.0,9.892684195063785,0.0
60,0.10174,0.10518,899.4206899004589,899.5720217031259
61,1.83278,1.9837,47.575128885141446,48.28928306405615
62,0.00024,0.00018,4.084476829291224,4.040460769706223
63,1.44676,1.71038,335.2152198704243,352.2752135539524
64,6e-05,8e-05,9.263010691662062,17.66368853974304
65,0.00646,0.00578,1.567110342295999,1.5428405609360398
66,1.59756,1.796,172.53886248750445,174.3946212486361
67,9.7571,63.94268,6.414839125985355,8.418333425855263
68,0.15662,0.1664,631.6667122490034,658.8010744110227
69,2.56134,3.62354,279.36241958702453,298.7394703744596
70,6.35454,13.78798,2.450413468774098,3.123789486001486
71,2.11844,2.69104,60.57621560773077,61.98103000385
72,0.00026,2e-05,5.361237064907693,0.3150958516902304
73,0.02836,0.03094,84.58761443225183,92.1539098128523
74,0.18692,0.1873,713.2280136556768,707.7961008505939
75,8.3479,80.7065,0.5334140063654363,1.4008128425274442
76,2.9275,4.20496,199.02334558350043,209.90569298079225
77,0.47528,0.50618,742.6254724594859,767.1956321913851
78,0.0,0.0,0.0,0.0
79,8.03906,31.08298,14.314809199656183,16.706781408111198
80,7.08092,24.89606,29.747432905508862,33.055430478018856
81,1.0903,1.2169,303.22566798599235,313.5274950382388
82,2e-05,4e-05,0.6947080550818802,7.225863163008409
83,0.01422,0.0147,17.154472100532878,17.48598937745279
84,2.9356,4.18052,65.34013536130782,67.90234972319654
85,6.00916,19.36372,108.61548566844118,118.58859955087664
86,0.0003,0.00026,2.9588390726953726,2.0447931713421914
87,0.7362,0.79152,203.3988955090497,212.38514187661656
88,7.58956,28.27236,0.78501869473135,1.3278441417814808
89,8.57536,91.62944,0.7798730976733271,1.856961010694365
90,0.26534,0.26348,21.93986665391236,21.467929272313533
91,0.00652,0.006,2.409716221943705,2.285090284729578
92,0.00548,0.00574,16.52084160512716,16.713047887841796
93,0.00016,0.00016,9.879457651861465,14.126185668393472
94,0.53702,0.58644,793.0804750164747,836.2203161274984
95,0.00066,0.00052,5.3551244135769895,3.887732896710974
96,4.89828,10.19198,24.072959295278824,26.360619867561955
97,9.11656,96.59418,0.5308225535040852,1.4407071176190822
98,4e-05,0.0,3.260580536811603,0.0
99,0.03576,0.0353,697.782727453329,685.6416471666232
100,0.0001,0.00018,13.723528876905863,20.107466522189338
101,1.88436,2.10478,15.255263823555484,15.43033752352894
102,0.18202,0.192,235.9530979647805,243.6784171272622
103,0.44274,0.46906,294.804502762187,306.86273487346483
104,0.01462,0.01466,3.286500317390798,3.245132480447656
105,2e-05,0.0,0.8655650004636121,0.0
106,0.00394,0.00472,0.674535291018683,0.8028680282502474
107,0.4148,0.42566,31.489930605390235,32.00302073438444
108,8.0421,80.86618,1.0913122937098754,2.324780818161214
109,0.25434,0.26866,215.4837346344826,222.9731273905328
110,3.3369,5.34404,243.87402897687468,262.6040684438266
111,8.39602,49.62846,32.084231546546256,35.75498690510252
112,0.0004,0.00056,0.1968335941314495,0.288339918607161
113,0.87472,0.9923,709.6872837658442,752.9320875503264
114,0.0241,0.02428,37.46323618328152,37.98611730189864
115,0.0001,0.00018,0.1070726046273791,0.2276712945514702
116,1.40728,1.71632,474.5234561264383,504.85580903252026
117,0.07082,0.06992,0.8176213962247358,0.7740835742862682
118,2e-05,0.0,0.0523802683078998,0.0
119,0.80346,0.81464,21.767448909967733,21.80466687804921
120,2.92864,4.18776,141.9566962596275,148.69751869000856
121,0.0054,0.00532,1.326791893948792,1.21817255593721
122,2.24998,3.0398,331.1980580534748,353.0426651934161
123,0.00196,0.00222,221.7441550248488,266.0602286553021
124,7.02454,21.98134,46.89383935829069,51.14219940744516
125,0.00064,0.00056,1.5992943680548397,1.5286096996682772
126,8.41522,84.78574,0.3974149801003737,1.1970788354257458
127,10.2114,126.7624,1.9931377186782464,3.5213471855076954
128,0.0284,0.0284,633.0572370936746,636.7187961806399
129,0.00032,0.00022,0.2223323773767318,0.1472652739405659
130,0.0,0.0,0.0,0.0
131,6.4933,19.38488,33.808023903570955,37.10892870603588
132,3.8464,6.59096,40.11066801131916,42.37696291851851
133,8.96804,59.7689,5.441962197964063,7.513325093537126
134,0.0,2e-05,0.0,0.0910775348930782
135,8.07248,29.9866,10.46280394977086,12.564364425596583
136,0.00152,0.00166,232.7327502847376,246.1605635114269
137,1.49118,1.59552,94.67019729571317,95.70979812432456
138,9.06428,63.0056,19.73639240885884,22.613950373065528
139,0.13566,0.14138,680.0803638901087,701.8690445920931
140,3.55554,6.2567,247.24589173750604,266.77796170011624
141,0.00206,0.0024,178.83122013004404,200.67898285663148
142,0.17742,0.17348,2.5075534991080044,2.455724964746934
143,0.00094,0.00088,198.8117609377884,190.3167462168876
144,0.049,0.05042,406.8461922578219,420.17367332889097
145,0.0661,0.06678,12.241948306303891,12.285384523416734
146,0.03,0.03172,115.43810619643476,121.72249477592632
147,0.0,0.0,0.0,0.0
148,0.05202,0.05372,1.048802573263014,1.068183931236244
149,0.0,0.0,0.0,0.0
150,2e-05,0.0,0.1061086025452956,0.0
151,0.77324,0.81354,116.33395758426332,117.75262506291328
152,0.02542,0.02642,185.13487160733004,191.5529086424353
153,0.02674,0.02594,17.505499959010844,16.870306722077196
154,0.09298,0.09212,1.5285487112631264,1.506421475300693
155,6.33228,19.6094,11.51160240859397,13.744682618548556
156,0.30056,0.30062,9.789945665163357,9.731505222738916
157,0.00222,0.00232,6.173131894421731,5.782639764249178
158,0.43124,0.43894,96.77084297726635,97.08975578024246
159,4.0217,5.04858,5.225214714180553,5.496008212144648
160,6.45988,18.99096,20.664717865689266,23.217502142140493
161,0.0,0.0,0.0,0.0
162,0.0311,0.03166,700.9617371238581,733.726855837788
163,8.22078,46.69646,4.606475148906345,6.639975621169707
164,8.76664,37.01528,1.2736992223342565,2.083934667810856
165,3.39854,4.52398,2.505628010254876,2.7053611073033283
166,0.0062,0.00622,426.8919388174269,465.8400140593165
167,0.00066,0.0006,3.3099932002470003,2.403859980771505
168,0.27042,0.28208,489.92951886100167,503.13081383445314
169,0.0003,0.00022,0.6808545732759475,0.6552200189796589
170,0.03764,0.03596,240.39886393635743,225.8822249498469
171,0.00034,0.00038,4.270035973815833,4.3091988059704684
172,2.77126,3.91392,28.525366104634564,29.624358491083942
173,0.07068,0.0739,9.728873018879474,10.273654415468314
174,4.09082,7.9343,205.2566045388178,222.7227574664466
175,0.0,0.0,0.0,0.0
176,6.95914,25.02956,50.16057853349004,54.93530720975488
177,0.0,0.0,0.0,0.0
178,8e-05,0.0,2.2742983237866854,0.0
179,9.65672,84.32062,2.260362267378895,3.81146383425147
180,8.74388,83.25078,0.506798339816553,1.3586690735746958
181,6e-05,0.00012,0.2432600536325706,0.65737257828591
182,7.69262,32.07202,19.136543759818625,22.012429554514178
183,0.0001,0.00012,2.603082301934674,3.093376361941754
184,0.00564,0.00576,0.3947081070595818,0.3868050286889698
185,7.7312,32.66156,1.32900831179485,2.209458039742126
186,2e-05,0.0,1.8952912135578213,0.0
187,6.58784,21.66426,54.83051687250263,60.05951499238096
188,4.07674,5.2391,10.28315067932914,10.693492158968564
189,6.82186,15.34994,4.988306897782,6.099322848899003
190,2.57318,3.83552,401.6774056404752,436.3265900878581
191,7.8613,28.40812,4.73034391415847,6.320431050876762
192,1.08314,1.25594,582.4819366595264,613.1265636129666
193,0.0,2e-05,0.0,1.6302150837094986
194,9.50654,105.90672,0.669383254769114,1.6878337649741533
195,0.81936,0.8326,3.4023319758492643,3.443349266001164
196,1.05164,1.10826,127.92220651739406,130.45569475333386
197,0.15024,0.1525,15.975850427934708,16.2866354360378
198,6.53532,16.3149,0.8494943585849588,1.221621798460291
199,0.05754,0.0603,529.6713634623999,559.4099046661341
200,0.07254,0.0717,0.3925015098527392,0.3969612856705257
201,0.0,0.0,0.0,0.0
202,4.97014,8.43948,7.986340790886405,8.908359290756982
203,2.42058,3.3891,343.1857376306096,367.27552289951154
204,0.0014,0.00142,311.34690565376866,293.7419653206444
205,0.00096,0.00068,1.8296963026686648,1.2669311409495905
206,4.96116,12.2543,170.5799382449763,186.6724119178646
207,6.97142,16.0935,1.279457088280752,1.7242910438217711
208,5.93046,18.44274,110.78556025362477,120.80528645096877
209,9.54524,82.49918,12.03569179622349,14.583606588780093
210,0.00804,0.00878,2.622154561710677,2.831105638618273
211,0.00704,0.0077,194.4756895981912,217.27588417583257
212,5.6561,13.6143,48.22134473357154,51.84824690920391
213,6.24858,17.8685,15.580746246047548,17.846578126192835
214,0.01012,0.01088,629.3452874905985,650.6110061762718
215,0.0176,0.01786,544.4436385820408,537.825974631954
216,0.118,0.12168,777.6676018936115,783.4446209676905
217,1.27242,1.37154,42.2165931411236,42.80604472763505
218,2e-05,0.0,0.5339155635631113,0.0
219,0.00024,0.00034,3.400410340371024,6.196728807129632
220,0.51042,0.52028,43.38903357002467,44.08986233278381
221,0.0,0.0,0.0,0.0
222,0.0,0.0,0.0,0.0
223,0.00014,6e-05,0.2969720182184697,0.1152505943057168
224,0.1722,0.17328,112.83088953288927,111.8558339479163
225,8.47522,39.43072,7.039531025211018,9.133626785624326
226,0.04636,0.04836,660.0222466021147,696.6978869580932
227,4.3922,6.73496,1.3257154296261555,1.5271815796236414
228,0.0661,0.06746,538.7035810300328,544.0768184665318
229,0.18072,0.18702,808.421335778789,853.5246936198522
230,0.0069,0.00704,64.55955244390748,65.07906944857997
231,0.0594,0.06214,85.03316793491146,87.88288380462335
232,0.0479,0.05022,2.8306113356787304,2.92625895451955
233,1.96774,2.38094,99.9315634505186,103.9384437435306
234,0.02066,0.02036,0.566598763146719,0.5497863926766937
235,6e-05,2e-05,1.2057732286543903,0.3744024235395872
236,0.00014,0.00016,2.594168463407156,3.7424729999597264
237,0.00078,0.00064,2.478548514576125,1.9817704685203432
238,0.00774,0.00832,18.29695165368686,19.95495110396584
239,0.03226,0.0323,16.05153390930933,15.848300061859366
240,0.08242,0.08152,572.5712256165923,569.1054331856111
241,6.74662,20.64322,16.472292343154827,18.98931953516204
242,0.77612,0.8763,717.305268496497,752.4365755808443
243,8.26908,79.66654,0.328812074236765,1.0518458618288655
244,0.22186,0.23278,869.0288596753038,887.0868217829662
245,9.81484,101.51286,11.35170106108122,13.926693055804456
246,3.87046,6.47756,109.03682318335788,114.9000084540646
247,0.00046,0.00052,2.465155316947704,2.8632562868034026
248,8.14058,52.75444,3.3024388761253016,5.126950867270041
249,1.2326,1.40604,272.4511901883446,280.9350068412072
250,0.05338,0.05598,771.4082917111292,797.7201085779683
251,0.00044,0.00046,46.45656424685304,44.00957256714017
252,5.97356,15.6214,82.7931042389238,89.49613170507573
253,0.2356,0.25008,878.3220718654686,909.750427880877
254,6e-05,0.0001,1.7106644000037232,1.694357149438814
255,8.38534,67.8059,2.116139837690912,3.6898807117438177
256,0.01954,0.0195,8.173105339227156,8.087536042790367
257,0.00406,0.00418,1.2763650565026858,1.2963010778230872
258,0.0,0.0,0.0,0.0
259,4.7155,11.1774,192.6293622670728,211.71755856129727
260,0.0007,0.00082,116.67144722091405,117.23420134606565
261,8.30038,42.90916,27.71401533424096,31.149090942836875
262,8.12366,43.8773,5.451913135843866,7.515890194123403
263,0.01634,0.01638,10.022708700479315,10.46654757157538
264,0.60294,0.595,10.607235733347627,10.38874125161598
265,0.14352,0.14382,14.949100367833344,14.995306988511956
266,8.73298,51.91146,13.704508407386353,16.35803411807125
267,6.53254,24.40154,86.32996365631537,93.93786899375657
268,0.07734,0.07802,18.69424095499709,19.14082917393044
269,0.60502,0.6099,15.17440320388808,15.269427369787532
270,0.24204,0.24258,34.61020789739591,34.81230597253744
271,7.50876,32.93064,2.243287486437663,3.507074661809264
272,0.00206,0.0022,20.57050072137848,19.743991888687365
273,0.13422,0.1416,823.9290047166486,859.7774469780364
274,0.00014,0.00032,1.281068734161287,2.2247026120087803
275,8.42736,44.11294,11.15554467151958,13.66505952403912
276,0.07226,0.07694,154.2908552845624,168.26293683581852
277,0.3736,0.39262,411.5225157939312,422.9499009102317
278,0.00614,0.00632,297.6474457402732,296.7152137815962
279,4.3364,8.979,197.5187283620631,215.4030668305976
280,0.00964,0.00864,28.805939500461108,24.74955439151721
281,10.1959,115.5718,4.313537708520824,6.310551609218529
282,0.0,0.0,0.0,0.0
283,0.06764,0.06402,29.78292002071177,27.96857829582279
284,2.38654,2.70798,0.4761272320333687,0.4940710862887119
285,8.61696,86.16554,0.390384607686799,1.1897777311045987
286,0.16856,0.1726,113.6487532152076,116.01300469679568
287,6.04818,11.10816,11.78872867394655,12.972992007094357
288,2e-05,2e-05,0.1854093009913848,0.264392023276735
289,9.12448,64.4213,3.3054138378436515,5.043978928139536
290,0.00046,0.0005,25.2367464742154,26.86280182480578
291,2.8488,3.44118,1.6375118716186354,1.737996014239213
292,9.74516,86.92482,7.782749407865189,10.126138414056443
293,0.0,0.0,0.0,0.0
294,8.54984,89.50954,0.7856988444848935,1.8555098958862049
295,1.1707,1.27264,192.23861222218704,197.3526249855135
296,8.37688,33.29368,1.9537883090892865,2.9800745634308115
297,0.00226,0.00186,19.46493173388583,14.889002778535042
298,8.49502,60.95222,2.8495933664918867,4.57178641490794
299,0.0,0.0,0.0,0.0
300,0.0066,0.0076,19.836963292806487,21.38592739450295
301,8.82506,58.28066,5.237518527428965,7.332707013505835
302,0.31332,0.30642,0.4237025432575199,0.4149870338288554
303,0.00102,0.0009,0.3511341533970696,0.2989140726222252
304,0.0021,0.00248,8.526402118149939,8.5788811953349
305,0.0,0.0,0.0,0.0
306,9.07948,70.6973,20.96506673399628,24.04225073523428
307,1.27712,1.45686,297.4977129455484,304.7022702165594
308,0.00046,0.00056,2.52087258029216,3.438865172054897
309,8.51534,89.34736,0.4871434307341659,1.3739602686182977
310,0.00046,0.00036,0.8962678184643148,0.6396447216942983
311,0.137,0.13938,0.6748319297389964,0.6864018429685458
312,4e-05,2e-05,0.0715660193240841,0.0426135490505362
313,0.00022,0.00024,0.3419952646523075,0.3746241005323276
314,3.24914,5.48752,283.95202321303924,308.9283273688786
315,0.0,2e-05,0.0,2.862516700750657
316,0.01628,0.01678,396.93885295918926,403.7906936048734
317,2e-05,0.0,1.1283303918976768,0.0
318,2.58114,3.65418,306.00666561228604,324.0482198684165
319,0.00116,0.00132,28.09412946954735,28.80590523794517
320,0.0004,0.00036,2.988211526223555,2.952145230292213
321,0.00038,0.00032,29.77551947822347,24.738568528643032
322,0.03262,0.03598,3.5838394856189075,3.9226535332175447
323,0.00862,0.00896,198.66282808678773,210.65261014606665
324,1.47704,1.71254,116.4885782707071,120.29265487987718
325,2.57458,3.74878,324.1634302971462,350.5233411776587
326,0.11776,0.12366,759.7983674009024,787.4684469148915
327,7.85962,57.12904,0.3863701436915469,1.005997747838962
328,0.02202,0.02174,1.3178660572815777,1.2890660333164243
329,7.42922,53.0326,1.990272508210948,3.490923800672822
330,0.0,0.0,0.0,0.0
331,1.33718,1.43576,98.9729891545024,101.81307780186364
332,0.0005,0.00046,0.3036726695994165,0.3481067141320881
333,1.7646,1.99294,94.19289208398672,96.5786102468026
334,0.18948,0.18682,17.637644479491307,17.17153047259183
335,0.0,0.0,0.0,0.0
336,0.00052,0.0007,4.420688206751262,6.335230750834945
337,6e-05,0.0,14.033596472401074,0.0
338,0.13092,0.13216,30.022221523980825,30.63715556648743
339,8.20688,62.78752,1.3125202514981014,2.514326924208738
340,2e-05,0.0,0.2365595112765293,0.0
341,1.61416,2.01856,516.4734190393492,547.5787629404226
342,6.29786,22.08844,7.791837137022354,9.86457611022307
343,6.58592,20.30606,16.325596694578625,18.77982381360936
344,0.09234,0.0934,1.4102605480110566,1.4636202072678115
345,6.2681,18.80736,62.65811517518143,68.33455040075121
346,0.02584,0.02766,307.44759172722024,335.27179561137507
347,0.0085,0.0081,650.535086661717,631.2232585057983
348,8.8733,97.41332,0.7169560463472274,1.7542030965797475
349,0.0138,0.01422,0.6076824757381342,0.6308329040124846
350,0.0,0.0,0.0,0.0
351,0.79408,0.88012,518.2387510239549,535.5778217478629
352,0.0019,0.00212,162.8429380958454,173.764393760746
353,0.0,0.0,0.0,0.0
354,9.07802,71.54566,20.84136731217493,23.89184791937185
355,8.6102,89.19774,1.1415863712629215,2.4108017635250327
356,0.01704,0.01782,0.3106117815890531,0.3245410106539394
357,7.3792,28.39038,12.315275684484291,14.799865034769716
358,9.68106,108.93076,1.4954484634580538,2.894167902251853
359,0.47936,0.52174,780.8520290237274,820.7800414027407
360,0.00222,0.00208,77.04163928873471,69.82608484719876
361,0.58994,0.62304,153.2500816087524,157.06616570867718
362,7.93254,78.67958,1.0472305950671903,2.252808114272402
363,9.06952,99.91654,0.6661406883239248,1.6742067783307424
364,0.01698,0.0178,129.43952476891178,141.05628697777232
365,1.7474,2.0578,148.45938865204454,155.0498179982204
366,0.144,0.14182,2.583553224215724,2.5485781332540443
367,0.0,2e-05,0.0,0.2612480951396067
368,0.01932,0.02134,593.1938925378571,663.9274829444266
369,0.50228,0.53102,551.1121352831933,566.1790550692436
370,7.60398,23.95062,16.221630991047522,18.40288313812921
371,6.61906,25.7813,6.572363741319268,8.59544208388301
372,8.18912,80.01022,0.3477042522994709,1.091176440749863
373,0.01696,0.01712,152.31116444144916,148.5582325300044
374,0.00032,0.00038,1.814113910343275,1.7861485086001476
375,0.0,0.0,0.0,0.0
376,0.00142,0.0016,17.61141449352685,21.54008791802813
377,0.00152,0.00158,202.5973227624089,179.78793096095134
378,2.04538,2.6337,321.4279021270156,338.84741235201045
379,4.46398,6.43462,13.029237124838644,13.805920700930082
380,5.66712,9.14776,14.552528805898476,15.409089728388372
381,2.14014,2.7189,75.05259959333108,77.91278973173466
382,8.80284,91.15004,1.2312611558963906,2.5504696173885764
383,0.22302,0.22402,9.40823798051469,9.33970142909972
384,0.1655,0.16586,16.44247418400623,16.786325257483874
385,0.0,0.0,0.0,0.0
386,1.31788,1.46684,144.9013257929465,147.4964126619362
387,2.7613,4.2107,365.76723575956953,396.6333886036497
388,0.00124,0.00146,12.668383842576416,13.39039744028867
389,0.01496,0.01566,51.61419984702975,53.08724968176078
390,2.65266,3.03398,32.71049285548466,33.15278626161911
391,5.26766,12.59846,105.10310236039332,113.79682951976844
392,0.00012,0.00012,3.4987552033244125,2.453360533694444
393,0.00038,0.00026,43.90182525714436,23.097990880625545
394,0.02726,0.0267,6.775447766939064,6.732367666930485
395,4.04382,6.43644,110.30341408088724,116.59279868405125
396,0.00148,0.00136,251.6912862254668,230.7664786012469
397,0.92408,0.96822,52.28066898286782,52.84579078828643
398,0.01972,0.01876,7.368757007163509,7.053566358791762
399,4.67894,10.92232,197.1993712842222,214.48957030657448
400,0.01922,0.0189,37.211212671041615,35.8678909671502
401,8.39442,45.08482,20.35832359942598,23.436902252067696
402,0.99184,1.00418,8.397276985592054,8.384200372950593
403,5.04822,9.10966,10.813520566277196,11.99372786311097
404,4.68848,9.64858,120.04579539066538,128.78670175335736
405,6.10864,16.75712,21.64899444888939,24.33997697834836
406,1.2137,1.36428,216.4283810740935,224.51300014712533
407,0.0024,0.0021,0.2878554212510426,0.2353276995999722
408,2.97432,3.61956,0.5808521397210028,0.6233935757845778
409,1.34388,1.52874,245.19039368120525,255.01491968252205
410,6.0995,17.65244,65.57712883575044,70.68956294306403
411,8.3029,31.65988,6.053419375206323,7.775818097770133
412,8.10144,77.07968,1.2897969925779689,2.601415318886431
413,0.02322,0.02172,1.31092258357068,1.23940581540798
414,7.31156,29.53014,42.97029971455699,47.23303186322194
415,0.00662,0.00664,0.7906540161795603,0.7590610985081702
416,7.24682,35.83084,1.8669292327378404,3.066063725732388
417,0.03942,0.04068,131.4786075582595,138.77995692281175
418,0.34904,0.36798,593.4997704169858,608.2496284583153
419,0.00014,0.00014,0.4916322047262391,0.5417639137386652
420,2.87002,4.26202,284.19919093816657,304.7725174223171
421,0.18694,0.19312,658.4993153892223,659.679040404666
422,1.18022,1.38918,580.6387558461477,611.8721367523409
423,0.00624,0.00622,9.285730022160092,9.30103501436841
424,4.91646,11.73304,14.32191847531551,16.297535508620875
425,0.0,0.0,0.0,0.0
426,0.0,0.0,0.0,0.0
427,7.8078,51.34716,1.5000925908778104,2.7459704184493217
428,0.00398,0.00318,14.828231027537822,12.079306305723158
429,8e-05,0.0,0.2906477764318581,0.0
430,6.16686,10.18348,5.018149487874306,5.664360393717494
431,0.00024,0.00048,0.1356800974762552,0.2174395208978524
432,2e-05,0.0,2.9095701161293395,0.0
433,9.2262,74.41064,17.789171238861755,20.61345020242121
434,3.0126,3.8172,20.627050364456327,21.16721015238521
435,0.0733,0.07614,1.0741026277193024,1.0915662696618902
436,0.0015,0.00164,5.07858257638927,5.976209135715228
437,4.54984,6.0128,12.736960261260204,13.202489368954064
438,0.00302,0.00316,55.81764931065347,64.21875574417885
439,0.01432,0.01564,26.83029112255911,29.29040629263975
440,4.7035,6.5391,11.461534548794676,12.0550425318516
441,0.00038,0.00024,66.49629981027462,44.52992378529206
442,0.0,0.0,0.0,0.0
443,9.37782,94.07328,1.6163011600540675,3.053150817006318
444,3.14338,4.43628,94.77403064426362,98.1282215623976
445,0.45338,0.48328,570.3852376577665,590.2346209509158
446,9.18986,63.21176,1.8161483513357408,3.1400011864909296
447,0.57548,0.62186,688.2529110098124,710.2289940429914
448,7.65332,25.648,29.441385411870204,32.56039518853346
449,0.0046,0.00394,17.23865015621836,13.85126633876442
450,6.19056,16.82942,25.38941230052961,28.03861966834185
451,5.4109,10.98002,10.855477002526277,12.325654378920603
452,5.98352,18.86012,111.87311756523692,122.03788365064332
453,2e-05,0.0,0.4288013616149444,0.0
454,1.55012,1.96176,577.2489135111966,613.6134968009765
455,0.00312,0.00318,13.170745705822082,13.57192902532976
456,0.19032,0.18838,1.2860797241368114,1.2867018773291652
457,4e-05,0.0,0.6855765245612254,0.0
458,0.01946,0.02044,18.82899299627305,21.26167714873505
459,0.00056,0.00064,2.5980558175293043,3.33281985310066
460,9.91704,98.10894,3.0405821248978584,4.791676027638068
461,0.26886,0.27276,52.20925478661778,52.62537138034416
462,4.06872,5.35648,1.6572612214654807,1.8098055348026896
463,2e-05,6e-05,2.3583423300554904,22.63429328744061
464,0.35896,0.37754,603.8046095641405,626.59418935999
465,0.0652,0.07156,545.3057748981815,590.4569832089461
466,7.038,28.63996,0.7801160799601303,1.3733676954637737
467,1.42132,1.72026,423.6154079576809,450.04821058379
468,0.00492,0.0046,3.934581865535145,3.793931704079768
469,10.07296,123.97776,1.3354812437602093,2.6617115766455925
470,0.00308,0.0032,50.52099360446317,50.739285566828165
471,7.8439,34.49548,22.453440532144707,25.37974690764835
472,0.0005,0.00048,0.2335411904039412,0.2100928945586677
473,5.5733,11.02508,1.9469842435492213,2.4437689676494823
474,8.3679,27.86608,3.427389933777954,4.658115753597615
475,0.0,4e-05,0.0,2.1413190233334616
476,0.13516,0.1353,842.5879961958603,845.1633315463763
477,5.39568,14.94972,9.91282864741693,11.86949270784512
478,4.1582,6.5116,99.4260122215954,104.9322156096276
479,0.00134,0.0013,9.740815953110063,9.80046994885394
480,8.27774,49.95232,34.46630675883805,38.46625213066094
481,2e-05,4e-05,0.2022176248017367,0.3713572381189236
482,0.0,0.0,0.0,0.0
483,0.00724,0.0067,449.4632989123712,428.97047651570335
484,0.0054,0.00574,380.8173091897697,415.1214774464804
485,0.00054,0.0006,77.62282455676667,108.41894076439212
486,0.11078,0.11022,23.076183619621283,22.86910742029481
487,0.77062,0.85172,410.6522040309084,430.5041904181894
488,0.00016,0.00012,10.587948175646618,8.411528193658919
489,3.32964,4.10736,28.536881059604426,29.43020413885366
490,0.0,0.0,0.0,0.0
491,8.91806,48.79718,4.202837699088618,5.935374470023479
492,0.13198,0.13346,5.70481182245952,5.896680097895161
493,8e-05,0.0001,6.333928172540667,4.391572525500046
494,7.80478,30.76914,21.686974570447585,24.51897664696471
495,0.06936,0.07386,843.7730375323142,883.915615193505
496,1.78848,2.30698,473.8919920741943,504.9887193664024
497,6.69894,14.51724,1.551925234457742,2.0260705695275525
498,0.23402,0.23924,1.8023159647735976,1.8223278589899032
499,6.47418,19.32762,16.208951198008492,18.62591245622732
500,0.26538,0.27272,105.14490072793458,106.90985881766952
501,0.59058,0.6355,376.2272138942811,388.8841253495884
502,0.0,2e-05,0.0,0.375197704790184
503,8.5757,87.87438,0.4317590692622943,1.2647566208480865
504,0.0,0.0,0.0,0.0
505,0.00016,8e-05,8.247640432014128,4.642232039701462
506,0.81858,0.82416,0.8866643833187657,0.8919716754811007
507,1.07166,1.10262,40.78219326211767,40.72960571918061
508,0.0,0.0,0.0,0.0
509,2e-05,2e-05,0.7018339641438531,0.4133342211499687
510,0.0146,0.01382,0.4358536311057513,0.4389981191049241
511,0.28454,0.29234,137.16782967621492,141.16095358184788
512,0.0004,0.00024,4.016558903348684,1.7116160633530086
513,0.02258,0.02324,389.8144170815812,394.455746873965
514,7.79618,28.84976,2.667352907996752,3.8904522366216057
515,0.34952,0.35908,2.382336872675649,2.4102190839774864
516,0.6045,0.662,738.3103014859435,776.1270150892595
517,1.31916,1.59136,612.6231807082218,655.0404843132173
518,9.64626,82.38856,6.087997779675216,8.24803801442416
519,9.1223,75.63774,2.4359681113654665,4.072753513407458
520,5.15196,12.64916,139.23808925465138,152.10881200191162
521,0.0,0.0,0.0,0.0
522,0.00218,0.00246,202.34376325676325,193.94165557486667
523,6.06408,15.92048,49.81229648190238,54.18527229368661
524,1.53382,1.7226,161.87210124607276,168.0682469458165
525,7.26718,21.44944,1.886813490457827,2.704769503848136
526,0.00556,0.00526,39.67702556155093,36.221361908828456
527,7.65182,42.20554,3.892839704541711,5.784363480745399
528,0.00698,0.00688,85.2224840698615,76.92658673385854
529,0.13372,0.13302,10.15131476929834,10.190754509516625
530,2.70976,4.14548,392.1272076859674,425.6561582313738
531,0.32736,0.34964,391.4129761262616,407.4154401560795
532,4.2761,6.26996,1.062345883706577,1.2153370836696142
533,0.00532,0.0053,236.86834729101025,250.54050479168177
534,0.00092,0.0009,88.7470958025394,88.17998247874664
535,8.42862,36.36004,9.10647054414564,11.196749924548037
536,1.54178,1.77548,153.02809666359698,157.44179210719415
537,8e-05,4e-05,0.2244066650512856,0.1751162107660783
538,0.19778,0.20774,314.2696027577805,330.31923701352264
539,0.00098,0.0012,0.6062741560046692,0.7071525703503316
540,0.0,0.0,0.0,0.0
541,3.43226,4.06396,12.671806408093202,12.919010413032428
542,0.0163,0.01684,2.3781225263148413,2.4711748340160904
543,8.86208,92.47118,1.2804978566275016,2.587412825663612
544,0.00172,0.00196,1.4912742371300554,1.781707967416723
545,0.01178,0.0122,55.32428778337571,54.85779064481129
546,7.8732,48.13808,0.6837260285313119,1.4224627482298509
547,0.07442,0.07654,586.1325768054884,590.9454213943311
548,0.83546,0.87882,54.03104669442407,55.43906817691427
549,7.92068,66.34608,0.5835042289073891,1.4095640956000297
550,8.6598,74.89858,1.94625449305852,3.5061667411954613
551,0.49492,0.50066,7.3920431989337505,7.5330372795437315
552,0.00068,0.00098,1.4961641416662643,2.5875232175993226
553,0.0,0.0,0.0,0.0
554,9.23186,42.10698,1.7301277564214088,2.74250635646331
555,0.0,0.0,0.0,0.0
556,8.95016,75.91026,2.3386327093253447,3.986809259000656
557,0.00298,0.00312,64.73101412052823,72.77461210604444
558,2.81324,3.8835,80.14530081279966,83.07608460645041
559,0.09286,0.09156,14.445304255289036,14.30290137029946
560,1.83016,2.08846,123.39904666362553,127.5590923584936
561,6.67276,24.88434,81.02070491390089,88.41788368168153
562,0.00092,0.00094,0.3637974115560838,0.3155296557239656
563,0.0,0.0,0.0,0.0
564,0.0288,0.02918,641.1977131605348,639.0728591950075
565,0.0646,0.06588,2.892974371806114,2.9398622602417035
566,0.0,0.0,0.0,0.0
567,0.01646,0.01712,0.9506654686320858,1.0113738136587216
568,0.00372,0.00384,289.51653989420214,310.4013944561129
569,0.00018,0.00014,1.7942474042855123,1.5563413102862378
570,1.50264,1.57768,0.4961163359740714,0.5020329360712924
571,6.13086,17.25874,15.201231915135445,17.468135585516652
572,3.2744,3.93922,22.69680667655632,23.403363147551747
573,9.21854,70.9619,17.29239986412348,20.123520602902303
574,0.0832,0.08112,3.5880393142368456,3.4563171226569405
575,0.00104,0.00088,89.87106762264675,79.05890689317748
576,0.12206,0.12482,566.1845501773126,577.7300300681137
577,8.29378,22.74806,4.260886516738813,5.364673790444238
578,9.4833,79.24582,0.8855397319894026,1.8599045680586828
579,0.0012,0.00104,190.468764622202,146.42425807873855
580,8.92902,47.13236,5.18458842265275,7.024691168876542
581,0.00094,0.00074,2.1476219391074047,1.958838478779805
582,0.0064,0.00636,27.21465160172769,27.716724268689564
583,0.0,0.0,0.0,0.0
584,0.00204,0.0013,0.4049881052747105,0.2678465156962717
585,0.00126,0.0014,345.2634687010293,345.13872885470846
586,0.00552,0.00546,1.014524347556418,0.9836912070934076
587,2.91284,4.59842,339.5635987117613,369.4559831108836
588,1.791,1.9631,22.50637358285498,22.89928407328084
589,0.0195,0.0213,32.63707542512799,35.61326177073193
590,7.8191,37.0105,41.27665024732157,45.4162223679058
591,1.70912,2.02194,131.1474378298135,135.29603520993493
592,0.02634,0.0268,10.668393262920434,10.81413025495672
593,6.75688,22.12336,40.68490319695028,44.6850411573831
594,0.02162,0.02184,32.26915348143213,33.509599442970234
595,8.845,94.28398,0.9251378377235276,2.0831446946296857
596,0.0001,0.0001,20.221132898315965,22.0911690736758
597,2.11766,2.62452,118.23832519118928,121.66217034731984
598,0.0,0.0,0.0,0.0
599,4.7889,10.16226,141.72575054172907,152.98465136704775
600,0.0,2e-05,0.0,0.0993260466906882
601,0.1119,0.11698,102.78185796293192,108.41238853014056
602,9.60708,96.15634,0.9731930899251328,2.0915863589875228
603,0.11926,0.11898,0.4547793519378027,0.4499659170635446
604,0.1096,0.11006,0.5247433744280676,0.5180805954663655
605,2.1692,2.96486,410.5476975206127,438.20537395589
606,1.73804,2.0592,167.25220642205812,172.4895721634738
607,2e-05,8e-05,0.1694386226799099,0.4648396552803013
608,0.21734,0.22544,569.4859787922146,588.7366919497257
609,0.0,2e-05,0.0,2.125730109538411
610,0.6919,0.69996,0.8968978627275034,0.9085040430366164
611,2e-05,0.0,0.5681963210227309,0.0
612,0.05286,0.05072,2.3220168003439663,2.263581633614088
613,1.5501,1.69914,82.5236991785364,84.05134686663772
614,0.0,0.0,0.0,0.0
615,0.0001,6e-05,0.3558952454876234,0.1319578821784476
616,2.2549,2.60176,81.94558994854579,84.95197786950563
617,0.06074,0.0595,721.4258220248178,713.9112833361065
618,0.67728,0.7403,724.2370132339835,752.9193529980412
619,9.93572,96.72892,5.793958693193829,7.947280648308986
620,6.64208,14.95948,23.80310770867839,25.91103697984895
621,0.02728,0.0294,8.161247117787513,8.734947083935712
622,0.20024,0.2087,426.3276004876072,439.0364004457811
623,0.12916,0.12686,0.7617485634204687,0.7578627891363438
624,0.08718,0.08938,28.74819798001866,30.019752451815776
625,0.00162,0.0019,90.41155035152087,101.52915097339228
626,0.00036,0.00064,3.963830340856288,6.391229625668891
627,0.00012,0.00012,0.4965636675856996,0.5247114019556492
628,0.0076,0.00804,4.294963879243686,4.509143805928344
629,8.68268,73.36858,1.525225988955868,2.895109578067157
630,1.43196,1.75476,556.6338113095122,595.8160472527557
631,6.78744,34.0554,3.0879881800961506,4.688398559727283
632,4e-05,8e-05,0.1207658931594688,0.7130552339313848
633,9.95364,106.51712,10.429603857047944,12.91956160776406
634,0.0688,0.07068,0.3541896436118246,0.3683723152162194
635,0.01286,0.01324,17.00131371118853,17.44920616143785
636,8.12136,41.65844,31.041278036442264,34.615188757276286
637,4.39202,8.20564,119.76068545751592,127.94710162958498
638,0.45554,0.4846,223.79208217869845,230.4197965036957
639,0.0,2e-05,0.0,1.4354212048305763
640,0.0,0.0,0.0,0.0
641,0.18186,0.18972,723.4472320617592,755.1186112151927
642,0.30014,0.2971,13.458713666050585,13.351136777530863
643,8.95778,55.49774,10.44356689247994,12.891288251927
644,3.90146,4.7655,2.71137296770244,2.858266355295415
645,3.83372,6.41132,136.87741322831934,145.78475181325825
646,0.11164,0.10982,0.9411395132747156,0.914382725126048
647,0.00492,0.00454,653.2983934734675,581.3511019619077
648,0.42334,0.438,152.3992367439457,155.72635082953323
649,0.00196,0.0016,18.188466876515296,13.317761428989144
650,0.0,0.0,0.0,0.0
651,0.0,0.0,0.0,0.0
652,0.50344,0.54772,653.7599986751004,691.6754582568434
653,0.08306,0.08486,809.2025449751459,816.0577271821037
654,0.0,0.0,0.0,0.0
655,7.1963,25.23412,28.354712345354635,31.53271119392812
656,0.0,0.0,0.0,0.0
657,0.01812,0.01966,426.212596312458,454.771763240236
658,0.78176,0.83172,167.4622037696952,170.32969767583086
659,0.04018,0.04044,9.29077358584932,9.416356843516402
660,0.03934,0.03924,538.3411992450574,534.8954451115468
661,0.0019,0.00196,38.03189772590017,43.370722678516245
662,0.28622,0.30944,518.8020337555175,549.4141701337674
663,9.28408,52.18482,1.6237332368427293,2.7402172680430463
664,0.1335,0.13814,695.2376654093387,733.0761252503835
665,7.83462,48.7164,0.5399703391469821,1.187275426205775
666,5.36916,10.83672,3.979406969809236,4.806545571598015
667,0.21322,0.21598,4.844355967692904,4.840053825568565
668,0.00012,0.00014,2.304671239802697,2.943737493638942
669,7.87338,27.12782,3.394905911021113,4.675338063018074
670,0.001,0.00088,152.4869573644152,119.32880723109317
671,0.00112,0.00084,166.17585950104666,129.0213050565826
672,6.6225,12.45864,5.670393850260442,6.532545938705289
673,0.0,2e-05,0.0,0.3027954361890239
674,2.0594,2.30438,2.2190490998282564,2.296738262700865
675,0.0,0.0,0.0,0.0
676,0.0,0.0,0.0,0.0
677,2e-05,0.0,1.913341890015108,0.0
678,5.3708,12.49574,14.49901606301919,16.387457964690928
679,0.0042,0.00468,19.2977400964702,22.104242476321183
680,9.3339,74.92882,14.68072541080726,17.418656274381227
681,0.00748,0.0065,11.397453771318716,9.92236891662467
682,8e-05,0.0001,0.7572521017126937,0.6402596815978595
683,0.00016,0.00028,0.1045505252565757,0.3153227385966021
684,4.7162,10.95586,184.6932116856826,201.17944122597248
685,0.20118,0.21196,687.5665455782336,722.913053477451
686,0.14606,0.1467,21.74381509837827,21.9243871486654
687,0.02558,0.02638,1.0371487551679914,1.0505041530318586
688,0.0,0.0,0.0,0.0
689,3.02198,3.91502,97.10437000656276,101.28823671377036
690,0.00036,0.00026,9.430413533237818,5.868470454886591
691,0.83128,0.83156,1.3154727170955312,1.299759779690148
692,0.04584,0.0468,597.356053884191,588.9549553201966
693,0.45372,0.47812,493.3388341543605,508.7588179849247
694,0.01266,0.01318,97.16565311548943,105.33461028000131
695,0.0046,0.00484,3.5443204220849074,3.805393637397196
696,0.00096,0.00078,13.638534258496945,10.327312364768323
697,0.79964,0.87858,476.30811148767015,495.0738021535236
698,0.49996,0.52222,125.7368622534486,129.85422995946882
699,0.0393,0.04176,2.7944723024211733,3.004244596670925
700,0.0,0.0,0.0,0.0
701,7.91684,27.72904,2.8897702976581,4.0806560992238445
702,0.0,0.0,0.0,0.0
703,4e-05,4e-05,2.7510810095268687,3.7680661240844113
704,0.08588,0.08816,43.630243972692426,44.57426724637308
705,8.50504,62.90308,2.747804164600011,4.481940617250364
706,0.0,0.0,0.0,0.0
707,0.01326,0.01326,5.152457272494928,5.252384770407953
708,8e-05,2e-05,1.0447031077670108,0.186912898979908
709,2.60836,3.03202,7.291045252264091,7.523788420903729
710,3.31742,3.84298,11.609924435082476,11.907422275832037
711,0.04986,0.04852,11.645761739996653,11.417316724774752
712,7.59768,36.19374,5.557872300134591,7.602971214288097
713,8.58002,79.64218,1.321328121458467,2.6385359655103
714,10.17794,113.96532,5.418544864298362,7.521135758841186
715,0.0103,0.0107,507.0928210881882,525.3997434071632
716,9.1363,95.8111,0.6445907869219063,1.6200318707663053
717,0.05514,0.0543,3.554151519721665,3.4981711877727606
718,0.03158,0.0321,224.4897460393806,243.55368446589108
719,5.29404,7.54154,2.8359122920999345,3.1363009487981826
720,9.88268,116.27018,1.4355232279859735,2.822730936708079
721,1.18374,1.36918,544.0821090226267,565.9120179696685
722,0.04172,0.04342,809.2834378194824,867.3228401005271
723,0.0,0.0,0.0,0.0
724,6e-05,2e-05,2.1730001310473868,2.8217515378277453
725,2e-05,8e-05,0.0640318745249359,0.2738798050158493
726,0.82466,0.84554,1.0709552635902415,1.0904437892215322
727,7.96818,54.4355,2.3639785698109934,3.9559302911758247
728,0.0,4e-05,0.0,0.3064273403849727
729,0.7371,0.80834,297.46708125988965,311.0100131691346
730,9.27842,100.85224,0.5952849204611061,1.5590514230913082
731,0.0,0.0,0.0,0.0
732,3.27986,5.0406,48.595542207979534,50.50966024689075
733,0.0,0.0,0.0,0.0
734,2.74104,3.7966,78.51545518775528,82.02007997535215
735,0.95944,1.00384,15.951109060075002,16.10800796581618
736,8.35992,53.74146,34.23364198170799,38.2209639178369
737,0.0,2e-05,0.0,0.3458019515246229
738,3.39212,5.42502,201.1162558342237,214.8603009798636
739,0.02996,0.03222,10.75428860857106,11.39854826664245
740,0.00344,0.0036,434.54635396291,443.14460559545415
741,0.53632,0.53802,17.770424663416193,17.860962803725215
742,7.67524,40.65428,51.229671766417695,56.47046490604441
743,0.05322,0.05424,0.5309249456563883,0.5433411277849133
744,0.62098,0.63196,1.1401149272803972,1.1500720166689515
745,0.0042,0.00458,0.3344352583773783,0.3820343229825728
746,0.1683,0.17394,70.33274795583208,71.48062455534671
747,6.57878,23.46104,81.06106266202731,88.5949130515206
748,0.00538,0.00588,0.5503662209691191,0.5867917481515974
749,0.00022,0.00016,1.309203457339846,1.1529125728695722
750,7.78666,32.73062,18.91177756252762,21.82026414762344
751,8.11632,78.76112,1.0320393323731625,2.220775304396784
752,0.0,0.0,0.0,0.0
753,7.54492,37.30314,0.5596563437206815,1.111910394724289
754,1.25776,1.3887,165.7608174397849,170.45696335210525
755,2e-05,0.0,0.5951465915037399,0.0
756,3.84774,5.47824,1.8782069772783485,2.090884603985299
757,5.69742,14.79312,78.10806645682075,83.98714665302262
758,0.00056,0.00048,38.67735192709343,33.13429748321012
759,9.78278,113.2849,1.4991608383469115,2.8893825837790583
760,0.0,0.0,0.0,0.0
761,2.01854,2.5502,284.0981308498518,300.61071173698974
762,0.0267,0.02754,1.5874255397439971,1.6670439947945055
763,0.85904,0.90618,69.32523507271465,70.48108193215273
764,0.00308,0.00346,1.056082088430651,1.2099312072271375
765,0.0,0.0,0.0,0.0
766,2.3532,2.50546,5.6592952557584,5.704518669432487
767,6.51566,21.8483,73.94199559693634,80.47536191193049
768,0.01744,0.01624,498.6089875140577,458.11787948403946
769,0.0013,0.001,0.3179350188204612,0.2572854611888262
770,9.91954,102.18714,10.388164496282874,12.85620482550524
771,4e-05,0.0,7.165488045160525,0.0
772,8.62696,57.9543,27.540804947951603,31.15634071246949
773,9.26942,69.75656,13.043439097846337,15.671918729985366
774,5.81318,14.81902,30.294000548814857,33.210422439815545
775,0.0061,0.00632,27.56928537677281,27.41857812356336
776,7.4169,37.73896,4.207534995419269,6.120491245121894
777,0.00076,0.00046,22.029104279728987,15.058144240968046
778,0.0,0.0,0.0,0.0
779,0.0537,0.05616,2.2467954568496107,2.3338225732538347
780,0.01236,0.01294,25.966056947723875,26.80455334392892
781,0.01118,0.01196,269.19847898932426,290.11436775154885
782,1.21322,1.27936,9.001373453777331,9.135493726982942
783,0.89308,1.01472,616.6399195050178,655.1715833964219
784,0.00218,0.00196,111.90911433685476,109.21471921873942
785,0.0,0.0,0.0,0.0
786,2e-05,2e-05,0.0883698429217924,0.0749068126070734
787,0.0,0.0,0.0,0.0
788,7.82752,81.52336,0.8059926378307919,1.884900333103936
789,2.60656,3.68584,265.4463507821701,280.39929085773633
790,10.06902,117.31248,2.444228366710241,4.11251581235395
791,0.27148,0.27632,9.528460896028658,9.80085111913466
792,6e-05,0.00014,3.628380477408311,17.555501374996066
793,8.47802,80.19978,1.1916102278133462,2.448166412663828
794,0.0,0.0,0.0,0.0
795,0.00034,0.00044,30.17476397659008,33.96818388133267
796,9.5969,107.90062,1.3210028457695917,2.658212105182743
797,8.81678,71.14742,1.4955754566672226,2.79860041284713
798,8.0413,45.60242,4.603617743031884,6.603695091226842
799,0.00348,0.00352,0.7632291886664082,0.7955242803577413
800,8.25486,77.7662,0.3094618773707152,1.0107057322081203
801,1.91786,2.06274,49.53648346456445,50.27935149548431
802,0.4813,0.49398,2.740965976946729,2.7406715239713155
803,7.51822,29.60384,18.95179433655981,21.786654161396683
804,0.00012,0.00012,2.4811072694606127,3.596481201120227
805,1.02244,1.18144,485.4820927379941,517.8572553113626
806,0.0264,0.02576,244.8191818405846,241.82824245403327
807,0.00252,0.0024,2.320588456520555,2.2003437393533885
808,3.097,4.37842,58.01693351283172,60.61335023650803
809,0.2645,0.28634,838.1135163619584,878.0913501710302
810,4.83014,7.5161,19.21495480716769,20.469148049083664
811,0.24902,0.2612,642.764240264164,666.8040271716486
812,0.0817,0.08334,496.3511342217139,507.7590780287884
813,0.00348,0.00396,96.72054921686612,111.4028825986693
814,0.00196,0.00196,2.7715540598673054,2.8456485683897843
815,6.51444,12.13694,2.652604504699891,3.204667694348407
816,0.00016,0.00034,33.46637241216885,68.0604121935316
817,8.19654,76.08104,0.3076671215863376,0.9932914450741628
818,0.04514,0.04532,185.60891080579043,181.0071226607848
819,8e-05,0.0,12.707710726460984,0.0
820,3.88918,6.59324,26.924916527643624,28.77540049707778
821,0.04008,0.04022,790.3269499656426,805.158914757912
822,0.6111,0.64864,234.4187533088508,242.18792676819163
823,8e-05,0.00012,6.514548616313804,19.192457775641163
824,8.17028,54.7948,0.5695487881985115,1.2749016874832233
825,0.86964,0.8824,1.175890615990318,1.192639660428469
826,5.64206,13.38038,7.517966419727143,8.973852982620784
827,7.90642,51.55938,0.4847331826996836,1.120682348240141
828,4e-05,0.0,2.623139828215069,0.0
829,0.10748,0.113,873.5163974262803,913.1354198126836
830,7.39046,24.80348,4.189323432280902,5.659385741986979
831,0.00554,0.00588,108.35888786263573,111.66105147616234
832,5.21652,7.62304,2.665147554526454,2.967221991105604
833,0.04216,0.04292,147.9991257491064,146.55261340710564
834,0.04222,0.0439,304.3399163557617,326.40329971753874
835,7.98216,42.63004,5.086700708706515,7.151002537224548
836,0.52856,0.57874,651.7726685746417,688.3060471858244
837,1.0084,1.17374,677.8419528091661,719.919867461527
838,8.81664,87.63524,1.41931083684292,2.8018532501409803
839,0.15864,0.16514,880.8877772041044,921.3527704604976
840,8.57846,86.2572,0.4057207568453738,1.205158624188277
841,0.00312,0.0033,486.7981239420756,513.2500085228263
842,7.04862,24.06308,23.4859133656315,26.546057972226688
843,3.85256,6.21376,46.01827477159419,48.73491743390014
844,0.00876,0.00896,309.7717883591283,338.491029781532
845,0.0073,0.008,175.64132317791172,185.1118317228787
846,0.73836,0.8217,741.2849285848009,776.6928130887381
847,3.6688,5.79388,127.16811181511504,134.69120846793626
848,2.8494,3.1908,10.980129321674422,11.187674426378315
849,8.23834,88.9392,0.576871422699118,1.5275258852757918
850,9.77714,101.45358,2.3073874042842872,3.936822828303802
851,0.0,4e-05,0.0,0.1500739995840566
852,0.00492,0.00508,9.69499064290328,10.13813447075384
853,10.15028,106.41014,2.397261598742579,3.996336236424943
854,0.1809,0.18326,3.249431268550688,3.3412825229016763
855,2e-05,2e-05,4.031722811399729,4.65660865498114
856,8.43472,78.9613,0.4531572311361485,1.2478238392203005
857,2.96258,3.4243,3.604423295278596,3.779600467481732
858,0.14522,0.14216,0.4274841308834111,0.4341300819530739
859,1.21842,1.39642,397.6260557140368,416.4971765931981
860,5.4229,14.08738,13.125007035822376,15.177407961252804
861,0.12396,0.12398,11.036613276087966,10.966984128651074
862,0.05836,0.05846,291.90878875347545,294.4673799197371
863,9.589,63.37972,1.7543798162682882,2.977723442177918
864,2.27886,2.92942,190.45873044245417,196.4963543674488
865,0.0002,0.00026,1.7347910245854512,2.2162416011790134
866,7.46348,35.55276,0.5228815036961652,1.035205870731588
867,0.0006,0.0006,69.13724600968989,63.43200519038954
868,8.25192,79.04414,0.321074819772238,1.0345876990367138
869,0.00528,0.00502,583.0401265921411,587.6662358995363
870,0.02332,0.02298,9.667939276568427,9.340449432545585
871,0.00014,8e-05,0.2056949078384728,0.0772800744926555
872,2.69904,3.68956,77.30987497671991,80.16046090334257
873,0.0,0.0,0.0,0.0
874,0.00678,0.00716,3.1309425223548746,3.443423537496493
875,0.01618,0.01648,507.9307868015366,547.8803659086309
876,0.72238,0.73092,6.016691497849666,6.044863465410145
877,0.0,0.0,0.0,0.0
878,0.86358,0.9655,611.9399784068204,633.2980144212087
879,0.0307,0.0315,0.923659103937586,0.9400902709162692
880,8.58582,27.70964,6.486402002496948,7.98159954300525
881,0.00208,0.00238,0.8760778340268668,1.0875230283601711
882,1.78688,1.85054,16.116718138481897,16.185409136252577
883,1.38494,1.45824,31.717621541108308,31.9385205068769
884,0.0456,0.04454,7.85525881674248,7.909093223736382
885,8.1691,80.45874,0.352005477075873,1.0994087940880932
886,0.5075,0.55094,558.478408749626,579.4593303005295
887,8e-05,4e-05,0.5832453612237041,0.1119397596283711
888,1.6146,1.68978,3.171146029349016,3.1989530079365154
889,2.67046,3.37878,46.190105060068994,48.01318077276206
890,1.09944,1.1337,0.7635049224475385,0.7717847256897057
891,9.74762,114.06948,0.9371115867873866,2.107342859490146
892,0.00408,0.00446,3.389272086562957,3.861720822827189
893,0.0,0.0,0.0,0.0
894,0.03568,0.03584,6.903995449531873,7.022830638017696
895,0.0,0.0,0.0,0.0
896,0.24194,0.25706,828.7041122885435,869.7256430632416
897,0.0,0.0,0.0,0.0
898,0.0,0.0,0.0,0.0
899,9.69572,86.04778,7.999612988202555,10.308882336066452
900,0.62718,0.6278,0.5009403048435679,0.4989100654544823
901,0.00126,0.00124,44.50676289031776,38.88023250685791
902,0.0,0.0,0.0,0.0
903,0.11296,0.11388,315.81704850604785,315.25221198975333
904,6.49938,12.05662,13.200003093697328,14.404194155507378
905,0.00014,0.0002,0.3177087398649117,0.4982325109676765
906,8e-05,4e-05,5.395507064343176,2.4191868037057342
907,5.5219,14.48208,120.97710346287784,131.42656206879246
908,0.0,0.0,0.0,0.0
909,5.87844,17.66706,110.49706752458954,120.40643460751096
910,0.01958,0.0207,607.0902817343098,647.8049695015455
911,3.77098,6.1939,95.04754989382276,99.54704885354488
912,5.08552,9.01342,59.40249646907325,62.73982295674566
913,0.0435,0.0452,0.3956516760855768,0.4146296561669408
914,0.00034,0.00036,53.27311711756808,66.35970999034151
915,0.00016,0.00046,18.246825572772064,61.95599773794751
916,1.26426,1.28106,2.8382715648289145,2.837751227164348
917,7.97746,61.39536,0.5751726857903484,1.348710362735856
918,0.0247,0.0233,4.535265999748037,4.32219889020763
919,0.0,0.0,0.0,0.0
920,0.0,0.0,0.0,0.0
921,0.09768,0.10094,97.16826546270664,99.64307452398252
922,9.6896,93.71456,3.113529833586131,4.931225273222705
923,7.22772,25.38104,10.871797646075288,13.159225501219735
924,0.00176,0.00134,0.3154025923341503,0.2489678249976451
925,9.94644,94.73868,3.399795623708165,5.183007931850115
926,0.0293,0.03068,117.29684577081764,126.37094491123796
927,5.56246,13.00892,28.58899857000834,31.355602366424264
928,2e-05,2e-05,0.4336892480682224,0.639534592120199
929,7.7937,29.1151,2.059369528130206,3.110805947469605
930,0.03986,0.03906,21.901187034534,21.73411030790164
931,5.64574,16.44328,127.18038764708776,138.64401086804642
932,0.00876,0.0081,2.728045945843711,2.4564754093861314
933,0.16334,0.17626,236.3411333726356,247.4346663816744
934,4.36408,7.66884,65.40903470622146,69.51096214475169
935,9.51834,76.65876,5.958584781056055,8.106755186069847
936,6.47034,21.07438,66.88276488632901,72.70011233484982
937,0.0,0.0,0.0,0.0
938,0.19976,0.21002,851.7639537649814,880.7601472525595
939,0.00614,0.00642,1.3972798689287564,1.4819087560982371
940,0.1053,0.10746,523.419273750597,547.184173651013
941,0.00094,0.00068,21.688182936407426,11.69353836260418
942,0.00302,0.0033,385.73154281119673,437.8117301163696
943,0.0235,0.02394,1.190804069017467,1.167797714105889
944,0.015,0.0149,28.5293048845838,28.5705289902772
945,0.8387,0.92968,522.7788839931264,545.6342634887872
946,0.92974,1.03922,474.1562050534852,497.872244070596
947,0.01686,0.01688,223.87863745010853,228.16698951447376
948,0.39672,0.4391,813.8724134252494,870.3244220930134
949,0.0014,0.00144,64.76462620424302,73.02265113692604
950,1.03952,1.06996,0.330110675377496,0.3319889104909157
951,5.3852,9.08758,17.57658219126792,18.757754449044164
952,0.0,0.0,0.0,0.0
953,0.00992,0.00954,92.9142468713017,96.49513354572504
954,0.00216,0.00246,1.5158457339542502,1.6411024029221164
955,0.0,0.0,0.0,0.0
956,8.84744,89.50474,0.4209924087965817,1.2399576581828164
957,2.32236,2.94644,152.31423008345436,159.83889672847286
958,0.00114,0.00116,207.26529833883268,219.811986828786
959,8.63722,87.54892,0.5965655075533494,1.522886533591849
960,0.00246,0.00236,426.0057842792818,382.8743865590272
961,4.91574,9.59188,37.14915175736813,39.791332582261965
962,1.26818,1.5327,576.4311815714515,620.8585761903072
963,5.99076,16.81106,86.78287352342086,93.9966445059054
964,4.89766,11.33092,162.0250793234244,175.48349705040894
965,0.00508,0.00476,11.894302199730774,10.352532736541342
966,0.154,0.15756,37.555807851013455,37.78934155166688
967,0.06356,0.06484,23.950645541070493,24.44810415017004
968,0.02348,0.02356,719.5524700115388,768.7965630501811
969,0.96426,1.0244,18.49405563770985,18.69228743306294
970,0.39962,0.39376,5.83530407665479,5.804625852053273
971,0.00552,0.00562,7.092353802309205,7.452515552503832
972,0.00324,0.00332,1.4164287345524158,1.576271355407996
973,1.33924,1.3926,43.386027009002085,43.54969517519952
974,0.0,0.0,0.0,0.0
975,0.0,0.0,0.0,0.0
976,0.00188,0.0027,2.972556472366525,3.776166140132157
977,2.22658,2.6883,158.3182195079593,165.8548790048025
978,0.00202,0.00296,285.2580001817575,376.069710061449
979,1.00534,1.08038,52.99638911344949,53.62281844787827
980,0.78164,0.79618,0.3264579039510756,0.327879158343223
981,0.0212,0.02042,313.01187343359453,299.6499618441916
982,6.88464,25.3652,57.77939551658651,63.30098930659119
983,1.36746,1.5565,246.8750802369444,256.2550861778425
984,0.00796,0.00834,175.66057575252603,192.77052826315736
985,9.93388,106.62848,2.31871424062848,3.957395144208116
986,0.00306,0.00312,42.68665693266457,43.00733004859264
987,0.00118,0.00164,6.937796983200199,11.50779296920759
988,0.0,0.0,0.0,0.0
989,5.06924,7.64388,9.574981616812364,10.30880228863452
990,0.0,0.0,0.0,0.0
991,0.00298,0.00364,0.70958174332375,0.8672205790593698
992,10.37554,128.81128,3.809952140761611,5.727152624434521
993,0.00034,0.0004,23.63922785119264,23.06737992429506
994,1.7663,1.91196,71.27585876127941,71.87902425901049
995,0.00036,0.0002,69.2617243583501,43.17876367417337
996,0.00112,0.00126,36.82487175138827,43.75559733858737
997,0.00366,0.00364,95.70021750954832,89.63673820066737
998,1.93864,2.49378,341.5734670480244,360.79393725615256
999,9.2835,70.79344,14.30195652677928,17.039439631595965
